away_wins,attendance,capacity,home_id,home_opener,home_losses,away_win_pct,away_losses,home_win_pct,home_score,away_rank,date,game_id,line,day,away_id,home_rank,home_wins,scoring_line,time,away_score,tv_coverage
0,16859,15500,156,0,0,0,1,1,96,0,11/12/13,400499763,0,tuesday,140,0,1,,1:00,70,fs1
2,4200,4200,2603,0,0,1,0,1,79,0,11/17/13,400504465,3,sunday,156,0,2,,0:00,83,
0,18078,15500,156,0,0,0,3,1,82,23,11/23/13,400499278,0,saturday,202,0,3,,20:30,72,fsn
5,3481,4200,299,0,7,0.714,2,0.125,61,0,12/4/13,400502942,13,wednesday,156,0,1,,3:00,78,
6,17530,15500,156,0,2,0.75,2,0.75,82,0,12/8/13,400504490,-12.5,sunday,158,0,6,,23:07,67,fs1
2,16303,15500,156,0,2,0.222,7,0.778,88,0,12/18/13,400504497,-30.5,wednesday,2029,0,7,,1:00,51,fs2
8,17533,15500,156,0,2,0.727,3,0.8,68,0,12/23/13,400504504,-9,monday,25,0,8,,0:00,54,fs1
5,17466,15500,156,0,2,0.417,7,0.818,90,0,12/29/13,400499840,-27,sunday,2130,0,9,,22:00,58,fs1
8,18525,15500,156,0,2,0.615,5,0.833,67,0,1/1/14,400504514,-8,wednesday,269,0,10,,3:00,49,fs1
11,7060,18711,2550,0,4,0.846,2,0.714,66,0,1/4/14,400504518,8,saturday,156,0,10,,20:00,79,fs1
12,7104,17500,305,0,7,0.857,2,0.533,62,0,1/8/14,400504520,8.5,wednesday,156,0,8,,2:00,81,fs1
13,17589,15500,156,0,2,0.813,3,0.867,95,0,1/12/14,400504528,-10,sunday,2752,0,13,,20:00,89,cbssn
10,17602,15500,156,0,2,0.625,6,0.875,88,20,1/15/14,400504530,-13,wednesday,2086,0,14,,2:12,60,fs1
15,11026,12993,2507,0,5,0.882,2,0.706,81,20,1/19/14,400504535,6,sunday,156,0,12,,1:00,68,fs1
15,14114,19500,222,0,1,0.833,3,0.941,68,4,1/21/14,400504539,-5.5,tuesday,156,0,16,,0:00,96,fs1
11,18859,15500,156,0,3,0.611,7,0.842,76,0,1/26/14,400504547,-11.5,sunday,46,0,16,,1:02,63,fs1
12,17515,15500,156,0,3,0.6,8,0.85,63,20,1/29/14,400504549,-14.5,wednesday,2599,0,17,,2:00,60,fs1
10,18323,15500,156,0,3,0.435,13,0.857,78,12,2/8/14,400504561,-21,saturday,305,0,18,,2:00,66,fs1
19,6739,19812,2599,0,9,0.864,3,0.609,70,12,2/10/14,400504564,4,monday,156,0,14,,0:00,65,fs1
19,7805,9100,2086,0,12,0.826,4,0.5,63,18,2/14/14,400504569,-8,friday,156,0,12,,0:00,68,cbssn
21,18797,15500,156,0,3,0.875,3,0.875,101,6,2/16/14,400504573,-3.5,sunday,222,18,21,,22:00,80,fs1
21,15539,18717,269,0,10,0.84,4,0.6,70,11,2/20/14,400504578,3,thursday,156,0,15,,1:00,85,fs1
14,18742,15500,156,0,4,0.538,12,0.846,72,11,2/23/14,400504583,-15,sunday,2550,0,22,,22:00,71,fsn
23,10483,10250,2752,0,9,0.852,4,0.679,75,9,3/1/14,400504590,2.5,saturday,156,0,19,,22:00,69,fs1
23,12105,20278,46,0,12,0.821,5,0.571,75,13,3/5/14,400504594,4,wednesday,156,0,16,,0:00,63,fs1
20,18868,15500,156,0,6,0.667,10,0.793,88,13,3/9/14,400504600,-12.5,sunday,2507,0,23,,1:00,73,cbssn
0,16143,15500,156,0,0,0,1,1,84,0,11/16/14,400588327,-24.5,sunday,2130,0,1,,22:30,66,fs1
1,17393,15500,156,0,0,1,0,1,65,18,11/20/14,400585687,3.5,thursday,201,0,2,,1:00,63,fs1
1,17290,15500,156,0,0,0.5,1,1,65,0,11/23/14,400588339,-8,sunday,2428,0,3,,21:00,45,fs1
1,17408,15500,156,0,0,0.25,3,1,75,23,11/26/14,400588343,-19,wednesday,2197,0,4,,1:00,53,fs1
6,4383,8355,202,0,3,0.857,1,0.5,77,0,12/4/14,400586708,-2.5,thursday,156,0,3,,1:00,64,espn3
6,15782,15000,158,0,1,0.75,2,0.833,55,0,12/8/14,400588361,-5.5,monday,156,0,5,,0:00,65,btn
3,16270,15500,156,0,2,0.333,6,0.778,91,0,12/10/14,400586914,-16,wednesday,233,0,7,,2:15,88,
5,16435,15500,156,0,2,0.833,1,0.8,67,0,12/13/14,400587258,-6,saturday,2608,0,8,,19:15,71,
5,17196,15500,156,0,3,0.5,5,0.727,75,0,12/20/14,400588377,0,saturday,292,0,8,,2:00,60,
9,4227,10500,249,0,4,0.75,3,0.556,62,0,12/21/14,400588383,9,sunday,156,0,5,,19:00,58,
9,12993,12993,2507,0,3,0.692,4,0.769,65,0,1/1/15,400588397,-6.5,thursday,156,0,10,,0:30,53,fs1
9,11164,20278,46,0,4,0.643,5,0.667,76,25,1/3/15,400588402,-9,saturday,156,0,8,,21:30,61,fs1
8,16126,15500,156,0,6,0.533,7,0.6,60,0,1/8/15,400588407,-10.5,thursday,305,0,9,,2:00,70,fs1
12,17397,15500,156,0,7,0.8,3,0.563,67,19,1/10/15,400588410,1,saturday,2550,0,9,,19:15,68,fs1
9,13069,18717,269,0,6,0.529,8,0.6,53,0,1/15/15,400588416,-5.5,thursday,156,0,9,,2:00,52,cbssn
13,17640,15500,156,0,9,0.722,5,0.5,65,0,1/18/15,400588420,0,sunday,2507,0,9,,0:30,74,fs1
9,6114,9100,2086,0,6,0.474,10,0.684,64,0,1/22/15,400588425,-9.5,thursday,156,0,13,,2:00,61,fs1
9,6500,6500,222,0,2,0.45,11,0.895,71,4,1/26/15,400588431,-15.5,monday,156,0,17,,0:00,50,fs1
13,16544,15500,156,0,12,0.684,6,0.429,77,0,1/29/15,400588435,0,thursday,2599,0,9,,2:01,74,fs1
14,17499,15500,156,0,12,0.7,6,0.455,40,21,1/31/15,400588440,2,saturday,46,0,10,,19:00,67,cbssn
10,9843,10250,2752,0,8,0.435,13,0.636,72,0,2/5/15,400588444,-14.5,thursday,156,0,14,,2:00,79,fs1
11,10759,19812,2599,0,8,0.458,13,0.636,84,0,2/7/15,400588446,-8.5,saturday,156,0,14,,17:00,66,
11,17248,15500,156,0,14,0.458,13,0.44,77,0,2/14/15,400588455,-4,saturday,269,0,11,,18:00,70,fs1
18,17971,15500,156,0,14,0.72,7,0.462,56,19,2/17/15,400588460,3,tuesday,2086,0,12,,2:15,58,fs1
12,6157,17500,305,0,16,0.444,15,0.429,62,0,2/25/15,400588469,-1.5,wednesday,156,0,12,,2:00,75,fs1
13,8507,18711,2550,0,12,0.464,15,0.556,67,0,2/28/15,400588474,-3,saturday,156,0,15,,21:00,66,cbssn
27,16337,15500,156,0,16,0.931,2,0.448,72,4,3/4/15,400588477,8.5,wednesday,222,0,13,,2:15,76,fs1
0,16538,15500,156,1,0,0,1,0,93,0,11/15/15,400827679,0,sunday,2640,0,0,,2:30,70,
0,16580,15500,156,0,0,0,3,1,103,0,11/18/15,400827721,-19,wednesday,2636,0,2,153,1:00,78,
2,17472,17472,84,0,0,1,0,1,86,14,11/20/15,400809396,-11.5,friday,156,0,2,,0:00,65,btn
5,16118,15500,156,0,1,1,0,0.8,97,0,11/29/15,400827748,-9,sunday,2710,0,4,,1:00,67,
4,16282,15500,156,0,1,0.667,2,0.833,77,0,12/3/15,400813773,-8,thursday,9,0,5,155,2:00,79,cbssn
5,3473,5200,2350,0,3,0.714,2,0.571,68,0,12/5/15,400827749,4.5,saturday,156,0,4,142,19:00,65,espn3
6,17766,15500,156,0,3,0.667,3,0.625,83,0,12/10/15,400820721,-5.5,thursday,158,0,5,148,1:00,67,cbssn
3,16785,15500,156,0,3,0.273,8,0.667,90,0,12/12/15,400827750,-15.5,saturday,85,0,6,150,22:00,65,
7,9528,11562,201,0,0,0.7,3,1,87,3,12/19/15,400816975,-14,saturday,156,0,7,159,19:00,74,espnu
3,17518,15500,156,0,3,0.273,8,0.727,105,0,12/22/15,400827751,-20,tuesday,249,0,8,156,2:00,82,fs1
1,17137,15500,156,0,3,0.077,12,0.75,102,0,12/29/15,400827752,-30.5,tuesday,2154,0,9,164,2:15,77,fs1
9,4633,5602,2599,0,6,0.692,4,0.538,70,0,12/31/15,400840219,8,thursday,156,0,7,149,19:15,80,fs1
11,17375,15500,156,0,4,0.846,2,0.714,71,16,1/3/16,400840220,8,sunday,222,0,10,156,3:01,85,fs1
9,16425,15500,156,0,5,0.643,5,0.667,79,0,1/6/16,400840221,-3,wednesday,46,0,10,152,2:15,66,fs1
11,18711,18711,2550,0,3,0.688,5,0.8,67,0,1/9/16,400840222,-4,saturday,156,0,12,153,19:00,82,fs1
14,17073,15500,156,0,5,0.875,2,0.706,48,12,1/13/16,400840223,-2.5,wednesday,2507,0,12,153,1:30,50,fs1
12,5534,17500,305,0,11,0.667,6,0.353,80,0,1/17/16,400840224,5,sunday,156,0,6,151,18:00,91,fs1
13,17677,15500,156,0,6,0.722,5,0.684,72,18,1/24/16,400840207,-2,sunday,2086,0,13,155,0:37,64,fs1
14,6897,20278,46,0,8,0.7,6,0.6,74,0,1/26/16,400840225,-3.5,tuesday,156,0,12,145,23:30,73,fs1
14,17924,15500,156,0,7,0.7,6,0.667,65,0,1/31/16,400840226,-5.5,sunday,2550,0,14,152,1:00,75,fsn
14,6500,6500,222,0,3,0.636,8,0.857,83,3,2/4/16,400840227,-11.5,thursday,156,0,18,144,1:00,58,cbssn
8,17139,15500,156,0,9,0.364,14,0.609,88,0,2/6/16,400840228,-12,saturday,305,0,14,148,19:00,66,fsn
21,17011,15500,156,0,9,0.913,2,0.625,70,5,2/10/16,400840229,1,wednesday,2752,0,15,157,1:00,56,cbssn
16,15844,18717,269,0,9,0.64,9,0.64,62,0,2/14/16,400840230,1,sunday,156,0,16,150,1:00,65,fsn
17,7330,9100,2086,0,8,0.654,9,0.68,88,0,2/17/16,400840214,-5.5,wednesday,156,0,17,148,0:00,75,fs1
17,17412,15500,156,0,10,0.63,10,0.63,61,0,2/25/16,400840231,-7.5,thursday,269,0,17,148,1:00,66,cbssn
7,17351,15500,156,0,10,0.241,22,0.643,100,0,2/28/16,400840232,-15,sunday,2599,0,18,149,19:30,59,fs1
18,9252,12993,2507,0,9,0.621,11,0.69,70,0,3/3/16,400840233,-3.5,thursday,156,0,20,146,2:00,66,cbssn
18,10633,10250,2752,0,4,0.6,12,0.862,98,5,3/5/16,400840234,-10,saturday,156,0,25,155,19:30,93,fox
18,6305,15500,156,0,14,0.563,14,0.563,72,5,3/16/16,400871451,-8,wednesday,333,4,18,145,1:00,54,espn
23,6471,15500,156,0,14,0.697,10,0.576,87,8,3/19/16,400872090,-14.5,saturday,2681,4,19,146,16:00,54,espn
20,15525,20900,252,0,10,0.588,14,0.714,88,4,3/23/16,400872290,-4.5,wednesday,156,2,25,166,1:00,82,espn
0,9617,9100,2086,1,0,0,0,0,89,0,11/10/13,400503862,0,sunday,2320,0,0,,1:00,58,fs2
1,7471,9100,2086,0,0,1,0,1,70,0,11/17/13,400504466,-6.5,sunday,163,0,1,,1:00,67,fs2
2,6617,9100,2086,0,0,1,0,1,85,0,11/19/13,400504469,-6,tuesday,238,0,2,,23:00,77,fs1
3,6015,11500,2050,0,1,1,0,0.667,58,0,11/23/13,400504474,0,saturday,2086,0,2,,19:00,59,
2,6355,9100,2086,0,2,0.333,4,0.714,79,0,12/7/13,400498068,-13,saturday,155,0,5,,23:00,64,fs1
8,7035,10000,339,0,5,0.8,2,0.545,59,0,12/21/13,400500037,3.5,saturday,2086,0,6,,20:05,68,
6,6504,9100,2086,0,2,0.429,8,0.818,66,0,12/28/13,400504507,-22.5,saturday,2885,0,9,,18:00,48,fs2
11,9318,9100,2086,0,2,0.917,1,0.833,73,11,1/1/14,400504513,2.5,wednesday,222,0,10,,0:30,76,fs1
10,10250,10250,2752,0,3,0.769,3,0.786,79,0,1/4/14,400504516,-6,saturday,2086,0,11,,19:00,68,fsn
8,6163,9100,2086,0,4,0.5,8,0.714,94,0,1/10/14,400504523,-10,friday,305,0,10,,0:00,99,fs1
10,9640,9100,2086,0,5,0.714,4,0.667,67,0,1/12/14,400504526,-1,sunday,46,0,10,,0:00,70,fs1
10,10000,9100,2086,0,7,0.588,7,0.588,69,0,1/18/14,400504536,-1,saturday,269,0,10,,19:00,57,cbssn
11,2022,12993,2507,0,5,0.611,7,0.722,65,0,1/22/14,400504541,-5.5,wednesday,2086,0,13,,2:00,56,fs1
11,10000,9100,2086,0,8,0.579,8,0.579,52,0,1/25/14,400504545,-4.5,saturday,2599,0,11,,21:00,69,fsn
11,5826,18711,2550,0,8,0.55,9,0.6,57,0,1/30/14,400504550,-3.5,thursday,2086,0,12,,2:00,64,fs1
12,14479,18717,269,0,10,0.571,9,0.545,69,0,2/5/14,400504559,-7,wednesday,2086,0,12,,2:00,62,fs1
12,13011,20278,46,0,9,0.545,10,0.591,71,0,2/8/14,400504562,0,saturday,2086,0,13,,18:00,63,cbs
16,6868,9100,2086,0,11,0.696,7,0.522,50,0,2/12/14,400504567,0,wednesday,2752,0,12,,2:00,64,fs1
12,7002,19812,2599,0,9,0.48,13,0.654,77,0,2/19/14,400504576,-8.5,wednesday,2086,0,17,,2:00,52,fs1
17,6857,9100,2086,0,14,0.63,10,0.462,81,0,2/23/14,400504584,-2.5,sunday,2507,0,12,,23:00,87,fs1
12,6500,6500,222,0,3,0.444,15,0.889,67,8,2/27/14,400504587,-14.5,thursday,2086,0,24,,1:00,48,fs1
12,6206,17500,305,0,19,0.429,16,0.367,46,0,3/7/14,400504596,1,friday,2086,0,11,,2:00,79,fs1
15,7670,9100,2086,0,16,0.5,15,0.448,71,0,3/8/14,400504599,-3.5,saturday,2550,0,13,,21:30,54,fs1
0,7652,9100,2086,1,0,0,0,0,99,0,11/15/14,400588324,0,saturday,311,0,0,,21:30,57,
1,5409,9100,2086,0,0,0.5,1,1,70,0,11/19/14,400588334,-14.5,wednesday,236,0,1,,2:00,48,
2,6058,9100,2086,0,0,0.667,1,1,80,0,11/22/14,400587047,0,saturday,2352,0,2,,22:00,39,
5,10200,10200,282,0,3,0.833,1,0.5,54,23,12/4/14,400586338,7,thursday,2086,0,3,,0:05,77,
5,7920,9100,2086,0,1,0.714,2,0.857,65,23,12/6/14,400588358,-10,saturday,77,0,6,,21:30,56,fox
3,5103,9100,2086,0,1,0.333,6,0.875,93,15,12/9/14,400588363,-23,tuesday,338,0,7,,0:00,51,fs1
8,14058,21678,2633,0,3,0.889,1,0.5,67,15,12/14/14,400588373,-1.5,sunday,2086,0,3,,19:00,55,espnu
7,5891,9100,2086,0,3,0.7,3,0.727,64,0,12/23/14,400588385,-16,tuesday,2630,0,8,,0:00,37,fs1
8,7752,9100,2086,0,3,0.667,4,0.75,67,0,12/28/14,400588393,-10,sunday,2057,0,9,,23:00,56,fs1
10,6500,6500,222,0,0,0.769,3,1,67,6,12/31/14,400588395,-12,wednesday,2086,0,12,,19:30,55,fs1
10,5602,5602,2599,0,2,0.714,4,0.846,69,15,1/3/15,400588403,-5,saturday,2086,0,11,,21:00,73,cbssn
11,5755,9100,2086,0,4,0.733,4,0.733,62,0,1/7/15,400588405,-7,wednesday,2507,0,11,,2:00,66,cbssn
11,9100,9100,2086,0,5,0.733,4,0.688,88,0,1/10/15,400588411,-3.5,saturday,2752,0,11,,21:30,76,
12,7574,18711,2550,0,3,0.706,5,0.813,75,21,1/14/15,400588413,-2,wednesday,2086,0,13,,0:00,79,fs1
13,14281,20278,46,0,5,0.722,5,0.688,61,0,1/17/15,400588419,-3.5,saturday,2086,0,11,,22:00,59,fs1
13,8823,9100,2086,0,6,0.722,5,0.7,77,24,1/25/15,400588430,-7,sunday,2550,0,14,,20:00,57,
15,15342,18717,269,0,10,0.714,6,0.5,68,25,1/31/15,400588438,2,saturday,2086,0,10,,19:00,72,
14,7132,9100,2086,0,6,0.667,7,0.727,85,22,2/4/15,400588441,-6.5,wednesday,2599,0,16,,0:00,62,fs1
12,9100,9100,2086,0,6,0.5,12,0.739,83,22,2/7/15,400588450,-14,saturday,305,0,17,,20:30,73,fs1
22,9231,9100,2086,0,6,0.917,2,0.75,65,6,2/14/15,400588458,2,saturday,222,18,18,,23:00,68,cbssn
19,10492,10250,2752,0,10,0.731,7,0.63,73,19,2/21/15,400588463,-4.5,saturday,2086,0,17,,19:00,56,
11,7830,9100,2086,0,8,0.423,15,0.704,73,23,2/26/15,400588470,-9.5,thursday,269,0,19,,1:00,52,fs1
20,8805,17500,305,0,17,0.714,8,0.414,53,23,2/28/15,400588472,6.5,saturday,2086,0,12,,19:00,67,fs2
18,9100,9100,2086,0,8,0.667,9,0.724,54,21,3/4/15,400588476,-3,wednesday,46,0,21,,0:00,60,fs1
21,12400,12993,2507,0,9,0.7,9,0.7,64,21,3/7/15,400588480,-3,saturday,2086,24,21,,17:00,68,fsn
1,7026,9100,2086,0,1,0.25,3,0.75,89,0,11/28/15,400825766,-26.5,saturday,2565,0,3,,22:00,73,
4,13176,13176,2132,0,0,0.8,1,1,76,17,12/3/15,400820610,-5.5,thursday,2086,0,7,136,0:00,78,cbssn
3,8142,9100,2086,0,1,0.5,3,0.833,85,0,12/5/15,400825767,-17,saturday,282,0,5,147,17:00,71,
3,6202,9100,2086,0,1,0.429,4,0.857,93,18,12/8/15,400825768,-24,tuesday,2678,0,6,151,0:00,66,
4,9100,9100,2086,0,1,0.571,3,0.875,94,18,12/12/15,400825769,-13.5,saturday,2633,0,7,152,19:30,86,
2,7128,9100,2086,0,1,0.222,7,0.9,88,9,12/23/15,400825770,-27.5,wednesday,253,0,9,155,1:45,52,fs2
4,8210,9100,2086,0,1,0.286,10,0.909,92,9,12/29/15,400825771,-24,tuesday,85,0,10,153,0:00,54,fs2
12,9100,9100,2086,0,1,0.923,1,0.917,73,12,12/31/15,400840201,-8,thursday,2507,9,11,151,19:30,81,cbssn
11,10498,10250,2752,0,1,0.846,2,0.923,88,9,1/2/16,400840202,-4.5,saturday,2086,6,12,152,18:00,69,fs1
11,5427,17500,305,0,8,0.786,3,0.429,72,18,1/6/16,400840203,10,wednesday,2086,0,6,153,1:00,77,fsn
13,9144,9100,2086,0,3,0.867,2,0.8,55,11,1/11/16,400840204,5,monday,222,18,12,150,0:30,60,fs1
7,9144,9100,2086,0,4,0.389,11,0.75,78,23,1/16/16,400840205,-19.5,saturday,2599,0,12,147,17:00,58,fs1
13,10918,12993,2507,0,3,0.765,4,0.833,71,18,1/19/16,400840206,1,tuesday,2086,16,15,149,23:30,68,fs1
7,7611,9100,2086,0,6,0.368,12,0.684,67,0,1/28/16,400840208,-14,thursday,305,0,13,145,0:00,53,cbssn
14,15234,18717,269,0,7,0.7,6,0.667,75,0,1/30/16,400840209,2.5,saturday,2086,0,14,145,17:00,69,fs1
13,8080,9100,2086,0,7,0.591,9,0.667,87,0,2/3/16,400840210,-4,wednesday,46,0,14,143,0:00,76,fs1
15,5602,5602,2599,0,16,0.682,7,0.304,56,0,2/6/16,400840211,11,saturday,2086,0,7,149,21:30,89,fsn
16,7476,18711,2550,0,6,0.696,7,0.739,75,0,2/10/16,400840212,-3,wednesday,2086,0,17,146,23:30,81,fs1
21,9100,9100,2086,0,7,0.875,3,0.708,57,5,2/13/16,400840213,-3.5,saturday,2752,0,17,153,19:30,74,fox
18,6500,6500,222,0,3,0.692,8,0.885,77,1,2/20/16,400840215,-11,saturday,2086,0,23,142,19:30,67,fox
18,10142,20278,46,0,14,0.667,9,0.5,87,0,2/27/16,400840216,1,saturday,2086,0,14,147,17:00,90,cbs
21,7392,9100,2086,0,9,0.75,7,0.679,85,0,3/3/16,400840217,-5.5,thursday,2550,0,19,149,1:30,78,fs1
19,9244,9100,2086,0,9,0.633,11,0.69,95,0,3/5/16,400840218,-10,saturday,269,0,20,153,19:30,74,fox/fsn
0,11102,12993,2507,1,0,0,0,0,82,0,11/8/13,400502658,-4.5,friday,103,0,0,,23:00,78,
1,6891,12993,2507,0,0,1,0,1,73,0,11/14/13,400504462,-14.5,thursday,225,0,1,,0:00,69,fs2
0,6799,12993,2507,0,0,0,3,1,93,0,11/16/13,400502500,-16,saturday,2368,0,2,,21:00,48,
1,5021,12993,2507,0,0,0.333,2,1,70,0,11/19/13,400504468,-10,tuesday,261,0,3,,0:00,49,fs1
1,7769,12993,2507,0,1,0.167,5,0.857,78,0,11/29/13,400504479,-18,friday,2217,0,6,,17:30,69,fs1
7,7657,7657,227,0,3,0.778,2,0.667,49,0,12/6/13,400504484,7,friday,2507,0,6,,1:00,50,cbssn
5,3281,12993,2507,0,2,0.556,4,0.8,76,0,12/18/13,400504496,-11,wednesday,43,0,8,,0:00,74,fs1
1,5328,12993,2507,0,2,0.111,8,0.818,94,0,12/21/13,400504501,0,saturday,311,0,9,,19:00,70,fsn
10,9493,9493,113,0,1,0.833,2,0.909,69,23,12/28/13,400504508,-10.5,saturday,2507,0,10,,23:00,67,espnu
9,9568,12993,2507,0,3,0.692,4,0.769,80,0,12/31/13,400504511,-6.5,tuesday,2550,0,10,,19:30,81,fs1
10,6500,6500,222,0,1,0.714,4,0.923,91,11,1/6/14,400504519,-13,monday,2507,0,12,,0:00,61,fs1
10,9187,12993,2507,0,5,0.769,3,0.667,70,0,1/9/14,400504521,1.5,thursday,46,0,10,,0:00,52,fs1
11,4709,5602,2599,0,7,0.688,5,0.563,83,0,1/17/14,400504532,-4,friday,2507,0,9,,0:00,84,fs1
15,11112,12993,2507,0,5,0.789,4,0.737,81,0,1/25/14,400504543,0,saturday,2752,0,14,,17:00,72,fs1
15,15248,18717,269,0,9,0.75,5,0.55,61,0,1/31/14,400504551,-5.5,friday,2507,0,11,,0:00,50,fs1
15,7139,17500,305,0,11,0.714,6,0.476,72,0,2/1/14,400504554,3.5,saturday,2507,0,10,,18:00,77,fsn
13,8798,12993,2507,0,6,0.591,9,0.727,76,0,2/5/14,400504558,-4.5,wednesday,2599,0,16,,0:00,86,fs1
16,10250,10250,2752,0,7,0.696,7,0.682,59,0,2/8/14,400504563,0,saturday,2507,0,15,,20:00,53,fs1
16,8063,20278,46,0,9,0.667,8,0.609,83,0,2/11/14,400504565,-4.5,tuesday,2507,0,14,,0:00,71,fs1
10,12069,12993,2507,0,9,0.4,15,0.64,84,0,2/15/14,400504571,-12,saturday,305,0,16,,19:00,61,fsn
22,12106,12993,2507,0,9,0.88,3,0.654,79,9,2/19/14,400504575,5,wednesday,222,0,17,,0:00,82,fs1
18,8125,18711,2550,0,14,0.643,10,0.5,69,0,3/1/14,400504589,-2.5,saturday,2507,0,14,,0:00,74,cbssn
17,11469,12993,2507,0,10,0.586,12,0.655,81,0,3/5/14,400504595,-3.5,wednesday,269,0,19,,2:00,80,fs1
0,9599,12993,2507,1,0,0,0,0,64,0,11/16/14,400588325,0,sunday,399,0,0,,0:00,60,
0,12993,12993,2507,0,0,0,1,1,66,0,11/18/14,400588330,-20,tuesday,2066,0,1,,2:00,45,fs1
0,6051,12993,2507,0,0,0,2,1,88,0,11/21/14,400587042,0,friday,2426,0,2,,0:00,51,
5,8045,12993,2507,0,0,0.833,1,1,72,0,11/28/14,400588346,-6.5,friday,43,0,5,,21:00,66,fs1
6,23601,23500,96,0,0,1,0,1,58,1,11/30/14,400588349,-19.5,sunday,2507,0,6,,19:00,38,espn2
6,6155,8606,103,0,3,0.857,1,0.5,69,0,12/6/14,400587823,2.5,saturday,2507,0,3,,0:00,60,espn3
4,4124,12993,2507,0,2,0.4,6,0.75,67,0,12/9/14,400588364,-15,tuesday,225,0,6,,2:00,77,fs1
5,12246,12993,2507,0,3,0.714,2,0.667,68,0,12/11/14,400588366,-5,thursday,227,0,6,,0:00,60,
5,12993,12993,2507,0,3,0.556,4,0.7,79,0,12/13/14,400588370,0,saturday,2619,0,7,,17:00,61,
6,7975,12993,2507,0,3,0.6,4,0.727,85,0,12/20/14,400588379,-5.5,saturday,113,0,8,,18:00,65,cbssn
11,15134,18717,269,0,5,0.786,3,0.615,75,0,1/3/15,400588400,-1,saturday,2507,0,8,,19:00,66,
10,10786,12993,2507,0,4,0.714,4,0.75,60,0,1/10/15,400588409,-2,saturday,46,0,12,,17:00,57,fs1
11,8176,12993,2507,0,4,0.733,4,0.765,70,0,1/15/15,400588415,-2.5,thursday,2599,0,13,,0:00,83,fs1
12,8250,12993,2507,0,5,0.667,6,0.737,69,0,1/23/15,400588427,-1.5,friday,2752,0,14,,0:00,66,
11,3568,12993,2507,0,5,0.524,10,0.75,83,0,1/29/15,400755862,-11,thursday,305,0,15,,19:00,72,fs1
16,8973,19812,2599,0,7,0.762,5,0.65,75,0,1/31/15,400588436,-3,saturday,2507,0,13,,17:00,66,fox
16,7981,20278,46,0,6,0.727,6,0.714,71,24,2/5/15,400588445,-6,thursday,2507,0,15,,2:00,74,cbssn
17,10250,10250,2752,0,9,0.739,6,0.609,78,0,2/7/15,400588448,-7.5,saturday,2507,0,14,,18:00,69,fs1
21,12410,12993,2507,0,7,0.913,2,0.708,68,6,2/12/15,400588453,4.5,thursday,222,0,17,,1:00,74,fs1
15,12993,12993,2507,0,8,0.625,9,0.68,69,0,2/14/15,400588457,-7,saturday,2550,0,17,,21:00,62,
18,5923,17500,305,0,14,0.692,8,0.462,57,0,2/19/15,400588462,4.5,thursday,2507,0,12,,2:00,84,cbssn
19,6500,6500,222,0,2,0.704,8,0.926,89,25,2/25/15,400588468,-11.5,wednesday,2507,6,25,,0:00,61,fs1
11,12568,12993,2507,0,9,0.407,16,0.679,77,25,3/1/15,400588475,-7.5,sunday,269,0,19,,20:30,66,fs1
20,7162,18711,2550,0,12,0.69,9,0.571,66,24,3/5/15,400588478,1,thursday,2507,0,16,,0:00,79,fs1
1,9477,12993,2507,1,0,1,0,0,76,0,11/15/15,400827765,-10,sunday,108,0,0,,0:00,64,
1,8069,12993,2507,0,0,0.5,1,1,60,0,11/19/15,400809395,-7.5,thursday,356,0,1,151,0:00,59,fs1
1,8706,12993,2507,0,0,0.333,2,1,94,0,11/22/15,400817363,-14.5,sunday,225,0,2,,0:00,73,
3,5009,12993,2507,0,0,0.75,1,1,83,0,11/23/15,400827697,-12.5,monday,2885,0,3,,23:30,76,
3,5169,12993,2507,0,1,0.429,4,0.857,89,23,12/3/15,400827472,0,thursday,42,0,6,,0:00,66,
7,7678,7657,227,0,2,0.875,1,0.714,72,23,12/6/15,400825763,-3,sunday,2507,0,5,136,0:00,74,espnu
3,8425,12993,2507,0,1,0.375,5,0.889,66,15,12/10/15,400817629,-14,thursday,103,0,8,140,0:00,51,
2,7369,12993,2507,0,1,0.2,8,0.9,74,15,12/12/15,400827766,-18.5,saturday,2803,0,9,,17:00,67,
2,7852,12993,2507,0,1,0.2,8,0.909,73,14,12/20/15,400827767,-12,sunday,2520,0,10,133,1:00,65,fsn
11,4411,9493,113,0,4,0.917,1,0.6,66,10,12/22/15,400827768,5,tuesday,2507,0,6,151,0:00,90,cbssn
7,12410,12993,2507,0,1,0.5,7,0.929,83,12,1/2/16,400840297,-16.5,saturday,2599,0,13,141,20:30,65,fs1
10,10446,12993,2507,0,1,0.714,4,0.933,64,8,1/6/16,400840285,-9.5,wednesday,269,0,14,151,0:00,65,fs1
12,11148,12993,2507,0,2,0.75,4,0.882,72,12,1/16/16,400840298,-5.5,saturday,2550,0,15,141,21:30,81,fs1
16,7191,7000,222,0,2,0.842,3,0.895,76,16,1/24/16,400861696,-12.5,sunday,2507,4,17,138,18:00,82,fox
17,12804,12993,2507,0,3,0.895,2,0.85,68,7,1/27/16,400840300,1.5,wednesday,2752,10,17,150,1:30,75,fs1
17,14481,20278,46,0,8,0.81,4,0.619,69,10,1/31/16,400840265,-3,sunday,2507,0,13,139,1:00,73,fs1
18,5114,17500,305,0,14,0.818,4,0.333,77,11,2/3/16,400840242,8,wednesday,2507,0,7,140,2:00,70,fs1
19,12883,12993,2507,0,5,0.864,3,0.783,60,3,2/6/16,400840301,4.5,saturday,222,11,18,138,19:30,72,fs1
18,14616,18717,269,0,9,0.75,6,0.625,96,20,2/11/16,400840292,1,thursday,2507,0,15,145,0:00,91,cbssn
14,12582,12993,2507,0,7,0.56,11,0.72,75,20,2/13/16,400840268,-4,saturday,46,0,18,143,17:00,72,fox
19,10336,10250,2752,0,3,0.731,7,0.88,85,23,2/18/16,400840302,-9,thursday,2507,8,22,150,0:00,74,fs1
19,8600,18711,2550,0,7,0.704,8,0.731,70,0,2/26/16,400840303,-5,friday,2507,0,19,144,0:00,52,fs1
9,12435,12993,2507,0,9,0.333,18,0.679,87,0,2/27/16,400840247,-11.5,saturday,305,0,19,143,21:00,66,cbssn
21,10079,19812,2599,0,22,0.7,9,0.267,76,0,3/5/16,400840304,8.5,saturday,2507,0,8,145,17:30,90,fs1
1,7350,20278,46,0,1,1,0,0,88,0,11/14/13,400504461,-12,thursday,2750,0,0,,0:00,70,fs1
3,8165,20278,46,0,2,0.5,3,0.6,70,0,11/30/13,400499078,0,saturday,288,0,3,,17:00,49,fsn
3,4676,20278,46,0,2,0.5,3,0.667,80,0,12/6/13,400498516,-20.5,friday,2272,0,4,,2:00,45,fs1
4,7966,20278,46,0,2,0.667,2,0.714,61,0,12/7/13,400499570,-16.5,saturday,2142,0,5,,17:00,55,fs1
5,7586,20278,46,0,2,0.5,5,0.75,85,0,12/18/13,400504495,-15,wednesday,2210,0,6,,0:00,76,cbssn
7,16300,16300,2305,0,3,0.778,2,0.7,86,18,12/21/13,400498315,-8.5,saturday,46,0,7,,17:00,64,espn
8,7824,20278,46,0,3,0.615,5,0.7,92,0,12/28/13,400499361,-18.5,saturday,2229,0,7,,17:00,57,fs1
8,7823,20278,46,0,3,0.615,5,0.727,61,0,12/31/13,400504512,-13,tuesday,305,0,8,,22:00,54,fs1
9,10164,20278,46,0,3,0.692,4,0.75,77,0,1/4/14,400504515,-6.5,saturday,2599,0,9,,18:00,60,fs1
11,10250,10250,2752,0,4,0.733,4,0.765,80,0,1/16/14,400504531,-6,thursday,46,0,13,,0:00,67,cbssn
10,9786,20278,46,0,5,0.588,7,0.688,57,0,1/18/14,400504534,-10.5,saturday,2550,0,11,,17:00,67,fs1
10,9014,20278,46,0,6,0.556,8,0.647,72,0,1/21/14,400504540,-3.5,tuesday,269,0,11,,2:00,80,fs1
17,11204,20278,46,0,8,0.895,2,0.579,60,9,1/28/14,400504548,5,tuesday,222,0,11,,2:00,65,fs1
12,6339,17500,305,0,12,0.571,9,0.455,59,0,2/4/14,400504557,3,tuesday,46,0,10,,2:00,71,fs1
15,10340,19812,2599,0,9,0.625,9,0.64,82,0,2/17/14,400504574,-4.5,monday,46,0,16,,0:00,60,fs1
15,6590,18711,2550,0,12,0.6,10,0.52,82,0,2/21/14,400504579,-2,friday,46,0,13,,2:00,67,cbssn
18,11854,20278,46,0,11,0.692,8,0.577,74,0,2/22/14,400504580,-2.5,saturday,2752,0,15,,16:30,52,fs1
16,14874,18717,269,0,11,0.593,11,0.593,75,0,2/28/14,400504588,-5,friday,46,0,16,,2:00,73,fs1
17,18828,19500,222,0,3,0.586,12,0.9,77,6,3/8/14,400504598,-11.5,saturday,46,0,27,,19:00,59,fs1
17,2133,2500,46,0,14,0.531,15,0.548,77,5,3/18/14,400546976,-4.5,tuesday,277,4,17,,23:00,65,espn
17,3541,12500,52,0,12,0.531,15,0.636,101,4,3/24/14,400547458,-4.5,monday,46,1,21,,23:00,90,espn
0,7854,20278,46,1,0,0,0,0,83,0,11/15/14,400588323,0,saturday,2597,0,0,,17:00,62,
1,4887,20278,46,0,0,1,0,1,78,0,11/19/14,400588332,0,wednesday,357,0,1,,0:00,62,
1,8017,20278,46,0,0,0.333,2,1,80,0,11/22/14,400588338,0,saturday,2523,0,2,,17:00,66,
7,20278,20278,46,0,2,0.875,1,0.667,78,0,12/7/14,400588362,-18.5,sunday,119,0,4,,17:00,46,fs1
6,14164,20278,46,0,2,0.857,1,0.714,70,10,12/11/14,400585733,-1,thursday,2305,0,5,,0:00,75,fs1
5,6843,20278,46,0,3,0.625,3,0.625,76,0,12/13/14,400588369,-16,saturday,2515,0,5,,17:00,49,fs1
6,7858,20278,46,0,3,0.6,4,0.667,81,0,12/20/14,400588378,-12,saturday,2429,0,6,,17:00,78,
8,9558,10250,2752,0,3,0.727,3,0.75,70,25,1/1/15,400588398,-5,thursday,46,0,9,,3:00,53,fs1
9,8762,20278,46,0,4,0.643,5,0.692,65,0,1/7/15,400588404,-6.5,wednesday,269,0,9,,0:00,59,fs1
10,6263,17500,305,0,8,0.667,5,0.529,72,0,1/14/15,400588414,6.5,wednesday,46,0,9,,2:00,78,fs1
17,13872,20278,46,0,5,0.944,1,0.706,78,4,1/20/15,400588423,3.5,tuesday,222,0,12,,2:00,58,fs1
13,15713,18717,269,0,8,0.722,5,0.556,85,0,1/24/15,400588429,1,saturday,46,0,10,,19:30,95,fs1
13,8576,20278,46,0,5,0.65,7,0.737,53,21,1/28/15,400588432,-4,wednesday,2752,0,14,,0:00,66,fs1
15,20587,19500,222,0,2,0.682,7,0.909,69,24,2/7/15,400588449,-10.5,saturday,46,7,20,,19:00,53,fox
15,8357,18711,2550,0,8,0.652,8,0.652,67,0,2/11/15,400588451,-1,wednesday,46,0,15,,0:00,86,fs1
17,8685,20278,46,0,8,0.68,8,0.667,79,0,2/18/15,400588461,-7.5,wednesday,2599,0,16,,0:00,57,fs1
12,7984,20278,46,0,8,0.444,15,0.68,68,0,2/22/15,400588466,-13.5,sunday,305,0,17,,1:00,63,cbssn
18,13615,19812,2599,0,9,0.692,8,0.679,81,0,2/28/15,400588471,0,saturday,46,0,19,,17:00,70,cbs
16,14392,20278,46,0,9,0.552,13,0.679,73,0,3/7/15,400588481,-11,saturday,2550,0,19,,17:00,67,fox
0,8187,20278,46,1,0,0,0,0,80,0,11/14/15,400818726,0,saturday,2515,0,0,,17:00,82,
0,17950,17950,120,0,0,0,1,1,75,3,11/18/15,400809392,-9,wednesday,46,0,1,139,2:00,71,espn2
2,7876,20278,46,0,3,0.4,3,0.25,77,0,11/28/15,400818727,-25,saturday,2803,0,1,,17:00,47,fs2
1,4062,20278,46,0,3,0.2,4,0.4,68,0,12/2/15,400840255,-25,wednesday,2379,0,2,,0:00,49,
6,18231,20278,46,0,3,0.857,1,0.5,79,14,12/5/15,400839188,-5.5,saturday,183,0,3,136,18:00,72,
3,4690,20278,46,0,3,0.375,5,0.571,74,0,12/8/15,400840256,-18.5,tuesday,225,0,4,148,0:00,57,
5,8132,20278,46,0,3,1,0,0.625,87,0,12/12/15,400840257,-10.5,saturday,350,0,5,149,19:30,82,cbssn
6,5258,20278,46,0,3,0.667,3,0.667,68,0,12/16/15,400840258,-10,wednesday,2405,0,6,145,0:30,83,
6,7467,20278,46,0,4,0.6,4,0.6,73,0,12/19/15,400840259,0,saturday,2427,0,6,,17:00,79,fsn
6,6448,9105,2429,0,8,0.545,5,0.2,59,0,12/23/15,400840260,12.5,wednesday,46,0,2,151,0:00,62,cbssn
7,5873,17500,305,0,6,0.583,5,0.5,58,0,12/31/15,400840236,4,thursday,46,0,6,141,2:00,70,fs1
10,10253,20278,46,0,5,0.769,3,0.615,80,0,1/2/16,400840261,-7,saturday,269,0,8,142,22:30,70,fs1
6,8435,20278,46,0,6,0.4,9,0.6,74,0,1/9/16,400840238,-10,saturday,305,0,9,140,17:00,63,fs1
10,7837,19812,2599,0,10,0.625,6,0.412,73,0,1/13/16,400840262,8.5,wednesday,46,0,7,139,23:30,93,fs1
15,15535,20278,46,0,6,0.882,2,0.647,50,6,1/16/16,400840263,7,saturday,222,0,11,139,18:00,55,cbs
11,9906,10250,2752,0,1,0.611,7,0.941,72,5,1/20/16,400840264,-9.5,wednesday,46,0,16,145,1:45,81,fs1
12,15564,16294,41,0,5,0.632,7,0.722,68,0,1/23/16,400816809,-4.5,saturday,46,0,13,136,17:00,62,cbs
13,9167,18711,2550,0,6,0.565,10,0.727,69,0,2/7/16,400840266,-4.5,sunday,46,0,16,143,2:00,61,cbssn
7,5369,20278,46,0,11,0.292,17,0.542,92,0,2/9/16,400840267,-15,tuesday,2599,0,13,144,0:00,67,fs1
17,5278,20278,46,0,12,0.708,7,0.538,64,0,2/18/16,400840269,-2.5,thursday,2550,0,14,144,2:00,72,fs1
23,10652,20278,46,0,13,0.885,3,0.519,70,8,2/20/16,400840270,2.5,saturday,2752,0,14,150,17:00,88,fox
14,12957,18717,269,0,11,0.483,15,0.621,88,0,3/2/16,400840271,-3.5,wednesday,46,0,18,145,2:00,87,fs1
14,20173,19500,222,0,4,0.467,16,0.867,84,3,3/5/16,400840272,-13.5,saturday,46,0,26,144,17:00,71,fox
0,14269,18717,269,1,0,0,0,0,63,17,11/9/13,400504456,0,saturday,2582,0,0,,1:00,56,
0,13372,18717,269,0,0,0,2,1,114,17,11/13/13,400504459,0,wednesday,2755,0,2,,0:00,71,fs1
2,18756,18717,269,0,0,1,0,1,35,10,11/16/13,400504464,1,saturday,194,17,2,,18:00,52,
2,13522,18717,269,0,1,0.667,1,0.667,58,25,11/22/13,400504472,-23.5,friday,160,0,2,,1:00,53,cbssn
3,9155,14198,9,0,0,0.75,1,1,79,25,11/26/13,400504475,-6,tuesday,269,0,5,,2:00,77,fs1
3,4000,4000,2239,0,3,0.6,2,0.4,66,25,11/28/13,400502935,9.5,thursday,269,0,2,,21:30,86,espn2
5,17249,17142,275,0,0,0.625,3,1,70,8,12/7/13,400504488,-9.5,saturday,269,0,9,,19:15,64,btn
4,13972,18717,269,0,4,0.364,7,0.556,86,0,12/14/13,400501597,-20.5,saturday,85,0,5,,20:00,50,fs1
2,13668,18717,269,0,4,0.286,5,0.6,91,0,12/18/13,400504498,-20,wednesday,2050,0,6,,2:00,53,fs1
5,14668,18717,269,0,5,0.385,8,0.583,71,0,12/28/13,400504506,-23.5,saturday,2535,0,7,,19:00,48,fsn
8,15194,18717,269,0,6,0.571,6,0.571,66,0,1/4/14,400504517,-13,saturday,305,0,8,,19:00,56,cbssn
9,9630,10250,2752,0,3,0.6,6,0.8,86,0,1/10/14,400504524,-4,friday,269,0,12,,2:00,79,fs1
10,15581,18717,269,0,7,0.625,6,0.563,67,0,1/11/14,400504525,-12,saturday,2550,0,9,,19:00,66,fsn
16,16662,18717,269,0,8,0.889,2,0.579,85,4,1/25/14,400504544,2.5,saturday,222,0,11,,19:00,94,fs1
12,12561,19812,2599,0,9,0.571,9,0.571,74,0,2/1/14,400504553,0,saturday,269,0,12,,17:30,59,fs1
13,6342,18711,2550,0,10,0.565,10,0.565,66,0,2/12/14,400504566,-1,wednesday,269,0,13,,0:00,77,fs1
17,18644,18717,269,0,10,0.708,7,0.583,81,0,2/15/14,400504572,-3,saturday,2752,0,14,,21:00,72,fs1
15,9342,17500,305,0,17,0.577,11,0.37,94,0,2/22/14,400504582,7,saturday,269,0,10,,19:00,96,cbssn
17,15026,19500,222,0,3,0.607,11,0.893,73,8,3/2/14,400504592,-11.5,sunday,269,0,25,,19:00,56,cbs
19,16784,18717,269,0,13,0.633,11,0.567,90,0,3/8/14,400504601,-3,saturday,2599,0,17,,17:00,91,fs1
0,12901,18717,269,1,0,0,0,0,79,0,11/15/14,400588321,-20.5,saturday,2630,0,0,,2:30,63,
1,13233,19500,194,0,0,1,0,1,74,20,11/19/14,400588333,-9.5,wednesday,269,0,1,,0:30,63,espn2
1,12575,18717,269,0,1,0.5,1,0.5,89,0,11/22/14,400586882,-16,saturday,2437,0,1,,19:30,97,
1,11966,18717,269,0,2,0.25,3,0.333,62,0,11/25/14,400588342,-20,tuesday,2885,0,1,,2:00,57,fs1
7,18573,18717,269,0,3,0.875,1,0.571,38,2,12/6/14,400588356,10,saturday,275,0,4,,17:30,49,cbs
6,12736,18717,269,0,4,0.667,3,0.5,78,0,12/17/14,400588374,-2,wednesday,9,0,4,,2:00,71,fs1
1,3080,18717,269,0,4,0.143,6,0.556,83,0,12/20/14,400588376,-21.5,saturday,2010,0,5,,2:00,49,fs1
4,12536,18717,269,0,4,0.4,6,0.6,67,0,12/23/14,400585986,-18.5,tuesday,155,0,6,,2:00,54,
2,12701,18717,269,0,4,0.167,10,0.636,81,0,12/28/14,400588391,-14.5,sunday,2415,0,7,,19:00,53,fs1
8,8079,17500,305,0,7,0.667,4,0.462,61,0,12/31/14,400588396,5,wednesday,269,0,6,,22:00,58,fs1
10,10372,10250,2752,0,6,0.625,6,0.647,62,0,1/17/15,400588418,-9.5,saturday,269,0,11,,17:00,58,
10,19812,19812,2599,0,5,0.588,7,0.706,60,0,1/22/15,400588424,-6.5,thursday,269,0,12,,0:00,57,fs1
13,14917,18717,269,0,9,0.684,6,0.526,70,0,1/29/15,400588434,-2,thursday,2550,0,10,,0:00,80,fs1
10,13313,19500,222,0,2,0.476,11,0.905,70,7,2/5/15,400588443,-15,thursday,269,0,19,,0:00,52,fs1
10,8566,18711,2550,0,7,0.455,12,0.682,54,0,2/7/15,400588447,-6,saturday,269,0,15,,17:00,57,cbssn
15,12833,18717,269,0,12,0.625,9,0.478,44,0,2/11/15,400588452,1.5,wednesday,2752,0,11,,2:00,64,fs1
24,17961,18717,269,0,14,0.923,2,0.44,76,6,2/21/15,400588464,10.5,saturday,222,0,11,,19:30,87,fox
20,14201,18717,269,0,17,0.69,9,0.393,51,0,3/5/15,400588479,1,thursday,2599,0,11,,2:00,67,fs1
12,15923,18717,269,0,18,0.4,18,0.379,58,0,3/7/15,400588483,-5,saturday,305,0,11,,19:00,48,fs1
0,12628,18717,269,1,0,0,0,0,80,0,11/14/15,400820670,-3.5,saturday,2057,0,0,,2:00,83,
1,11597,18717,269,0,1,1,0,0,75,0,11/17/15,400820671,-13.5,tuesday,85,0,0,139,2:00,71,
2,13297,18717,269,0,1,1,0,0.5,61,0,11/20/15,400809397,3,friday,2294,0,1,,2:00,89,fs1
2,11764,18717,269,0,2,0.333,4,0.6,80,0,11/29/15,400827758,-12.5,sunday,2296,0,3,,18:30,61,
2,11618,18717,269,0,2,0.286,5,0.667,95,0,12/3/15,400827759,-28,thursday,2755,0,4,136,1:00,49,
1,12304,18717,269,0,1,0.167,5,0.857,104,0,12/5/15,400823017,0,saturday,311,0,6,,19:30,67,
4,11696,18717,269,0,2,0.5,4,0.75,80,0,12/9/15,400827760,-21.5,wednesday,23,0,6,151,1:00,62,
7,17287,17142,275,0,4,0.778,2,0.6,55,0,12/12/15,400827761,-7,saturday,269,0,6,136,18:30,57,espn2
4,11937,18717,269,0,2,0.308,9,0.8,91,0,12/22/15,400840283,-23,tuesday,2130,0,8,141,0:00,74,fs1
5,12226,18717,269,0,2,0.417,7,0.818,84,0,12/27/15,400827763,-23,sunday,2506,0,9,140,19:00,66,fs1
10,13314,18717,269,0,2,0.833,2,0.833,63,0,12/31/15,400840284,-3,thursday,2550,0,10,140,0:00,83,fs1
7,13468,18717,269,0,4,0.438,9,0.733,81,0,1/9/16,400840286,-12,saturday,2599,0,11,141,19:00,75,fsn
12,6500,6500,222,0,2,0.75,4,0.875,83,6,1/14/16,400840287,-18,thursday,269,0,14,144,1:30,68,fs1
15,14864,18717,269,0,5,0.938,1,0.706,66,7,1/16/16,400840288,6.5,saturday,2752,0,12,152,19:00,74,fs1
6,12695,18717,269,0,6,0.333,12,0.667,56,0,1/21/16,400840240,-8.5,thursday,305,0,12,149,1:00,57,fs1
12,1032,5602,2599,0,12,0.632,7,0.368,73,0,1/24/16,400862729,5,sunday,269,0,7,142,20:45,78,
8,11756,18717,269,0,7,0.381,13,0.65,74,0,1/28/16,400827764,-19.5,thursday,56,0,13,157,2:15,60,fs1
15,6008,18711,2550,0,6,0.682,7,0.714,79,0,2/4/16,400840290,-7,thursday,269,0,15,148,1:45,62,fs1
15,10509,10250,2752,0,2,0.652,8,0.909,90,6,2/6/16,400840291,-12.5,saturday,269,0,20,149,17:00,82,fs1
16,8524,17500,305,0,17,0.615,10,0.32,60,0,2/20/16,400840245,4.5,saturday,269,0,8,142,19:00,73,fsn
24,19043,18717,269,0,10,0.857,4,0.643,79,1,2/27/16,400840293,8.5,saturday,222,0,18,142,19:00,89,fox
0,10250,10250,2752,1,0,0,0,0,93,0,11/15/14,400585874,-16.5,saturday,2464,0,0,,0:00,60,
1,9457,10250,2752,0,0,0.5,1,1,97,0,11/19/14,400588331,-12.5,wednesday,299,0,1,,0:00,74,fs1
1,9514,10250,2752,0,0,0.5,1,1,81,0,11/22/14,400588337,0,saturday,2617,0,2,,1:00,63,
2,9446,10250,2752,0,0,0.667,1,1,89,0,11/25/14,400588340,-7,tuesday,93,0,3,,0:00,62,fs1
5,10250,10250,2752,0,2,0.833,1,0.714,97,0,12/7/14,400588359,-8.5,sunday,333,0,5,,1:00,84,cbssn
2,9634,10250,2752,0,2,0.286,5,0.75,66,0,12/10/14,400586916,-27,wednesday,85,0,6,,0:00,43,fs1
7,7854,15061,142,0,4,0.778,2,0.556,58,0,12/13/14,400588371,3.5,saturday,2752,0,5,,21:00,74,espn2
8,7975,9121,2,0,5,0.8,2,0.444,89,0,12/20/14,400588381,5,saturday,2752,0,4,,23:00,88,secn
9,9908,10250,2752,0,3,0.75,3,0.727,71,0,12/28/14,400588392,-13,sunday,526,0,8,,21:00,57,fs1
10,6827,17500,305,0,7,0.769,3,0.5,71,0,1/3/15,400588401,10,saturday,2752,0,7,,19:00,68,fs1
12,10250,10250,2752,0,4,0.857,2,0.714,69,19,1/8/15,400588408,-7,thursday,2550,0,10,,0:00,58,cbssn
11,6500,6500,222,0,1,0.688,5,0.938,88,5,1/15/15,400588417,-9.5,thursday,2752,0,15,,2:00,75,fs1
11,10250,10250,2752,0,7,0.55,9,0.632,89,0,1/24/15,400588428,-15,saturday,305,0,12,,17:00,76,
14,8205,18711,2550,0,6,0.667,7,0.7,90,0,1/31/15,400588437,-1.5,saturday,2752,0,14,,17:00,82,fs1
16,10250,10250,2752,0,9,0.667,8,0.64,70,0,2/14/15,400588456,-8,saturday,2599,0,16,,17:30,78,
16,13176,13176,2132,0,8,0.615,10,0.68,57,0,2/19/15,400586834,0,thursday,2752,0,17,,0:00,59,espn2
18,6634,19812,2599,0,9,0.643,10,0.667,58,0,2/24/15,400588467,-1,tuesday,2752,0,18,,1:00,57,fs1
26,10250,10250,2752,0,11,0.929,2,0.621,66,6,2/28/15,400588473,3.5,saturday,222,0,18,,19:00,78,fox
0,10372,10250,2752,1,0,0,0,0,81,0,11/14/15,400840343,-17,saturday,193,0,0,,0:00,72,
2,9751,10250,2752,0,0,1,0,1,78,0,11/17/15,400830787,-13.5,tuesday,142,0,1,143,23:30,66,
2,11967,12707,130,0,0,1,0,1,70,24,11/21/15,400809399,-5,saturday,2752,0,2,,2:00,86,btn
1,9688,10250,2752,0,0,0.333,2,1,78,23,11/24/15,400840344,-23.5,tuesday,94,0,3,,1:45,66,
4,10250,10250,2752,0,0,0.571,3,1,95,12,12/6/15,400840345,-18.5,sunday,98,0,7,150,1:30,64,
3,10178,10250,2752,0,0,0.375,5,1,90,12,12/9/15,400839823,-23.5,wednesday,2750,0,8,137,0:00,55,
8,10617,10250,2752,0,0,0.889,1,1,65,23,12/12/15,400820612,-4,saturday,2132,12,9,141,22:30,55,
5,10018,10250,2752,0,0,0.714,2,1,85,10,12/19/15,400814246,-18,saturday,2,0,10,161,17:00,61,fs1
11,12938,14665,154,0,2,1,0,0.8,70,6,12/23/15,400820666,7,wednesday,2752,0,8,154,0:00,78,espn3
12,6500,6500,222,0,2,1,0,0.833,95,6,12/31/15,400840333,-6.5,thursday,2752,16,10,143,17:00,64,fs1
13,4168,5602,2599,0,8,0.929,1,0.467,66,10,1/7/16,400840320,15,thursday,2752,0,7,143,2:00,74,fs1
6,10400,10250,2752,0,1,0.375,10,0.933,84,7,1/12/16,400840239,-17.5,tuesday,305,0,14,149,23:30,64,fs1
13,10368,10250,2752,0,2,0.722,5,0.889,84,5,1/23/16,400840311,-9,saturday,2550,0,16,149,19:00,76,fsn
18,6958,17500,305,0,13,0.9,2,0.35,65,7,1/30/16,400840241,10,saturday,2752,0,7,148,19:00,86,cbssn
7,10250,10250,2752,0,2,0.318,15,0.905,90,6,2/3/16,400840322,-21.5,wednesday,2599,0,19,150,23:30,83,fs1
24,10727,10250,2752,0,3,0.889,3,0.889,90,1,2/25/16,400840334,1.5,thursday,222,5,24,145,0:00,83,fs1
25,10353,18711,2550,0,7,0.893,3,0.741,90,5,2/28/16,400840314,2,sunday,2752,0,20,151,17:30,81,fs1
0,4703,5602,2599,1,0,0,0,0,77,0,11/15/14,400588485,0,saturday,2885,0,0,,0:00,58,
0,3733,5602,2599,0,0,0,0,1,66,0,11/20/14,400588335,0,thursday,2341,0,2,,0:30,53,
1,4475,19812,2599,0,1,0.25,3,0.8,70,0,12/3/14,400586160,-18.5,wednesday,315,0,4,,0:00,57,fs1
5,24884,33000,183,0,2,0.833,1,0.714,57,0,12/6/14,400587828,-8,saturday,2599,0,5,,22:15,69,espn2
3,4528,5602,2599,0,1,0.429,4,0.857,74,24,12/11/14,400588367,-17,thursday,161,0,6,,1:00,52,cbssn
3,8074,19812,2599,0,1,0.429,4,0.875,74,24,12/14/14,400588372,-18,sunday,2230,0,7,,19:30,53,fs1
6,4645,5602,2599,0,1,0.75,2,0.889,53,20,12/20/14,400587267,-7.5,saturday,2608,0,8,,0:00,47,fs1
5,5014,19812,2599,0,1,0.417,7,0.9,66,17,12/23/14,400588386,-8.5,tuesday,299,0,9,,0:30,49,cbssn
11,9183,18711,2550,0,2,0.917,1,0.833,78,15,12/31/14,400588394,1,wednesday,2599,0,10,,17:00,67,fs1
13,8565,19812,2599,0,3,0.929,1,0.786,72,8,1/7/15,400588406,2.5,wednesday,222,24,11,,2:00,90,fs1
12,6243,17500,305,0,9,0.75,4,0.5,71,0,1/18/15,400588422,7,sunday,2599,0,9,,19:30,67,fs1
16,19812,19812,2599,0,5,0.889,2,0.722,68,5,1/25/15,400587943,6,sunday,150,0,13,,19:00,77,fox
12,5040,5602,2599,0,8,0.48,13,0.652,86,0,2/12/15,400588454,-9.5,thursday,305,0,15,,2:00,78,cbssn
15,5602,5602,2599,0,9,0.577,11,0.654,85,0,2/21/15,400588465,-7.5,saturday,2550,0,17,,17:00,72,fs1
20,19161,19500,222,0,1,0.667,10,0.967,105,4,3/7/15,400588482,-12,saturday,2599,0,29,,19:00,68,fox
0,4677,5602,2599,1,0,0,0,0,66,0,11/13/15,400840317,-12.5,friday,2681,0,0,,23:00,57,fs1
0,4098,5602,2599,0,0,0,1,1,75,0,11/17/15,400840080,0,tuesday,2378,0,1,,0:00,53,fs1
2,4540,5602,2599,0,0,1,0,1,61,0,11/20/15,400809398,-7,friday,164,0,2,,0:00,59,fs1
4,3068,3200,2230,0,1,0.667,2,0.8,73,0,12/3/15,400840318,-6.5,thursday,2599,0,4,137,0:00,57,
3,7196,19812,2599,0,3,0.429,4,0.571,63,0,12/6/15,400840319,-7,sunday,2597,0,4,131,16:00,56,fs1
3,5602,5602,2599,0,3,0.333,6,0.625,48,0,12/9/15,400817368,-9.5,wednesday,315,0,5,135,22:00,44,fs1
7,13473,19812,2599,0,3,0.778,2,0.667,84,0,12/13/15,400839190,10,sunday,183,0,6,129,17:00,72,fs1
3,4120,5602,2599,0,3,0.375,5,0.7,51,0,12/19/15,400816952,-8.5,saturday,2916,0,7,142,0:00,73,fs1
6,4414,5602,2599,0,4,0.545,5,0.636,74,0,12/20/15,400827703,-1.5,sunday,2885,0,7,138,17:00,83,fs1
7,6767,18711,2550,0,6,0.35,13,0.684,79,0,1/28/16,400840312,-15.5,thursday,2599,0,13,147,0:00,60,fs1
17,12713,19812,2599,0,14,0.85,3,0.333,53,6,1/31/16,400840321,20,sunday,222,0,7,141,17:00,68,fox
7,18052,19500,222,0,3,0.28,18,0.875,73,1,2/14/16,400840323,-27,sunday,2599,0,21,144,1:00,63,cbssn
8,5010,5602,2599,0,19,0.333,16,0.269,80,0,2/18/16,400840244,2,thursday,305,0,7,144,1:00,65,cbssn
18,13204,19812,2599,0,19,0.72,7,0.296,61,0,2/21/16,400840313,10.5,sunday,2550,0,8,147,17:00,62,fs1
8,4817,17500,305,0,18,0.286,20,0.308,83,0,2/26/16,400840246,-5,friday,2599,0,8,142,2:00,75,fs1
0,3254,17500,305,1,0,0,0,0,96,0,11/9/13,400504458,0,saturday,2755,0,0,,21:00,58,
1,5840,17500,305,0,0,1,0,1,68,0,11/14/13,400499236,-1.5,thursday,2572,0,1,,2:00,75,
1,6162,17500,305,0,1,0.5,1,0.5,81,0,11/16/13,400504467,-1.5,saturday,2750,0,1,,19:00,72,
2,3186,5000,270,0,1,0.667,1,0.8,71,0,11/20/13,400504470,2,wednesday,305,0,4,,1:00,80,
3,6765,17500,305,0,3,0.75,1,0.5,93,0,12/1/13,400504481,-1.5,sunday,204,0,3,,21:00,81,fs1
7,6888,17500,305,0,3,0.778,2,0.571,56,0,12/7/13,400504485,1.5,saturday,9,0,4,,0:00,78,fs1
3,5564,17500,305,0,4,0.333,6,0.5,81,0,12/13/13,400499327,-12.5,friday,2226,0,4,,2:12,70,fs1
4,6627,17500,305,0,4,0.444,5,0.556,77,0,12/15/13,400499822,-15,sunday,2130,0,5,,21:30,70,fs1
3,5101,17500,305,0,4,0.3,7,0.6,78,0,12/19/13,400503929,-18.5,thursday,2277,0,6,,2:00,58,fs2
7,5345,10200,2287,0,5,0.636,4,0.545,69,0,12/22/13,400500040,-1.5,sunday,305,0,6,,21:35,64,espn3
7,6819,8117,77,0,5,0.583,5,0.583,56,0,12/28/13,400504505,-3,saturday,305,0,7,,2:00,57,btn
9,6102,17500,305,0,8,0.6,6,0.529,77,0,1/15/14,400504529,-1,wednesday,2599,0,9,,0:00,75,fs1
10,6500,6500,222,0,1,0.556,8,0.938,88,6,1/18/14,400504537,-17.5,saturday,305,0,15,,21:00,62,fsn
14,6531,17500,305,0,9,0.778,4,0.526,74,0,1/20/14,400504538,4.5,monday,2752,0,10,,21:00,84,fsn
10,8307,18711,2550,0,8,0.5,10,0.579,86,0,1/25/14,400504546,-8,saturday,305,0,11,,23:00,69,cbssn
21,7387,17500,305,0,14,0.913,2,0.417,62,6,2/13/14,400504568,14,thursday,222,0,10,,1:00,87,fs1
10,9752,10250,2752,0,8,0.385,16,0.68,83,0,2/20/14,400504577,-15,thursday,305,0,17,,0:00,64,cbssn
14,5827,17500,305,0,18,0.519,13,0.357,65,0,2/26/14,400504586,3.5,wednesday,2550,0,10,,2:00,60,fs1
11,10670,19812,2599,0,11,0.379,18,0.621,72,0,3/2/14,400504591,-15,sunday,305,0,18,,17:00,64,cbssn
0,3501,17500,305,1,0,0,0,0,72,0,11/15/14,400588322,-7.5,saturday,82,0,0,,3:00,71,
0,5340,17500,305,0,0,0,1,1,80,0,11/19/14,400586302,-4,wednesday,2181,0,1,,2:00,62,fs1
0,5785,17500,305,0,0,0,4,1,74,0,11/27/14,400587064,-8.5,thursday,2329,0,2,,1:00,86,fs1
4,5990,17500,305,0,1,0.8,1,0.667,87,0,11/30/14,400588350,7.5,sunday,24,0,2,,19:30,72,fs1
3,5457,17500,305,0,1,0.75,1,0.75,78,0,12/3/14,400587425,-6.5,wednesday,2459,0,3,,2:00,67,fs1
4,754,7000,2130,0,6,0.8,1,0.25,60,0,12/5/14,400588354,0,friday,305,0,2,,1:05,84,
4,17500,17500,305,0,1,0.5,4,0.833,83,0,12/7/14,400588360,-8,sunday,270,0,5,,19:00,61,fs1
6,2712,4338,45,0,2,0.857,1,0.714,81,0,12/12/14,400588368,-11.5,friday,305,0,5,,0:00,68,
4,6323,17500,305,0,2,0.571,3,0.75,72,0,12/14/14,400586362,-2.5,sunday,2287,0,6,,21:00,78,fs1
6,3906,9604,204,0,2,0.667,3,0.778,90,0,12/19/14,400588375,-3,friday,305,0,7,,3:00,59,pac12
9,6500,6500,222,0,1,0.563,7,0.933,81,8,1/10/15,400588412,-24,saturday,305,0,14,,21:00,64,cbssn
10,7743,18711,2550,0,4,0.526,9,0.765,60,24,1/23/15,400588426,-12,friday,305,0,13,,0:00,64,fs1
18,7532,17500,305,0,11,0.9,2,0.5,55,7,1/31/15,400588439,12,saturday,222,0,11,,19:00,68,fs1
15,5431,17500,305,0,12,0.714,6,0.478,75,0,2/4/15,400588442,4,wednesday,2550,0,11,,2:15,62,fs1
0,4001,3000,305,1,0,0,0,0,69,0,11/15/15,400827753,-7,sunday,2711,0,0,,2:00,63,
1,5023,15261,213,0,0,1,0,1,68,0,11/17/15,400809393,-4.5,tuesday,305,0,1,136,22:00,62,espnu
2,4417,8000,82,0,3,0.4,3,0.25,55,0,12/3/15,400827754,9.5,thursday,305,0,1,152,1:00,82,
3,5215,17500,305,0,3,0.375,5,0.5,96,0,12/5/15,400827755,0,saturday,2130,0,3,,19:00,72,
4,3262,7152,2181,0,4,0.571,3,0.5,71,0,12/10/15,400840235,2,thursday,305,0,4,141,1:00,74,espn3
7,1740,3000,305,0,3,1,0,0.625,44,0,12/13/15,400827756,-4,sunday,2031,0,5,132,3:00,66,
5,4912,7391,24,0,3,0.556,4,0.571,79,0,12/16/15,400827757,-8.5,wednesday,305,0,4,137,3:00,60,fs1
9,17500,17500,305,0,5,0.9,1,0.5,70,0,12/19/15,400817520,4.5,saturday,77,0,5,136,19:00,78,fs1
10,5289,17500,305,0,6,0.909,1,0.455,82,20,12/23/15,400820684,6,wednesday,45,0,5,143,2:00,61,fs1
6,8201,18711,2550,0,2,0.462,7,0.846,78,0,1/2/16,400840237,-10,saturday,305,0,11,139,16:00,74,fs1
20,6393,17500,305,0,15,0.87,3,0.348,59,1,2/10/16,400840243,14,wednesday,222,0,8,138,1:30,86,fs1
9,6500,6500,222,0,4,0.321,19,0.862,83,3,3/2/16,400840248,-22,wednesday,305,0,25,140,0:00,62,fs1
21,5954,17500,305,0,20,0.724,8,0.31,66,0,3/5/16,400840249,7.5,saturday,2550,0,9,143,17:00,80,fsn
0,6523,18711,2550,1,0,0,0,0,83,0,11/9/13,400502488,-14,saturday,315,0,0,,23:00,72,fs2
2,5601,18711,2550,0,0,1,0,1,78,0,11/14/13,400504463,-11,thursday,2309,0,1,,0:00,76,fs2
2,2057,3500,2382,0,1,1,0,0.5,77,0,11/16/13,400499040,0,saturday,2550,0,1,,20:00,74,
1,5679,18711,2550,0,1,0.5,1,0.667,82,0,11/19/13,400502507,-22,tuesday,2405,0,2,,1:00,66,fs1
2,6286,18711,2550,0,2,0.25,6,0.667,54,0,12/1/13,400498753,-25,sunday,161,0,4,,19:00,58,fs1
2,6112,18711,2550,0,3,0.333,4,0.571,92,0,12/6/13,400498765,-13.5,friday,2341,0,4,,0:00,81,fs1
5,5210,8000,164,0,5,0.625,3,0.444,71,0,12/9/13,400496906,-2.5,monday,2550,0,4,,1:00,77,espnu
6,6443,18711,2550,0,3,0.6,4,0.667,71,0,12/11/13,400504492,-14.5,wednesday,2885,0,6,,2:00,55,fs1
2,6725,18711,2550,0,3,0.25,6,0.7,80,0,12/14/13,400502539,-13,saturday,2612,0,7,,17:00,83,fsn
5,6190,18711,2550,0,4,0.556,4,0.636,92,0,12/22/13,400498098,-7,sunday,331,0,7,,22:00,70,fs1
4,1779,2600,2550,0,4,0.4,6,0.667,90,0,12/28/13,400499592,-10.5,saturday,322,0,8,,1:00,58,fs1
13,8546,18711,2550,0,5,0.929,1,0.667,67,8,1/9/14,400504522,9,thursday,222,0,10,,0:00,83,cbssn
11,5016,5602,2599,0,8,0.611,7,0.556,77,0,1/24/14,400504542,-5,friday,2550,0,10,,0:00,76,cbssn
12,10063,10250,2752,0,5,0.571,9,0.75,60,0,2/1/14,400504552,-9.5,saturday,2550,0,15,,17:00,68,cbssn
13,6500,6500,222,0,2,0.591,9,0.909,70,6,2/8/14,400504560,-13.5,saturday,2550,0,20,,0:00,53,fs1
15,5636,18711,2550,0,11,0.625,9,0.542,67,0,2/14/14,400504570,-1.5,friday,2599,0,13,,2:00,68,fs1
20,6286,18711,2550,0,15,0.69,9,0.483,71,0,3/4/14,400504593,1,tuesday,2752,0,14,,0:00,62,fs1
1,7075,18711,2550,1,0,1,0,0,63,0,11/16/14,400588326,-11,sunday,2382,0,0,,17:00,47,
3,7774,18711,2550,0,0,0.75,1,1,58,0,11/29/14,400588348,-3.5,saturday,45,0,4,,21:00,54,
1,5912,18711,2550,0,0,0.25,3,1,78,0,12/3/14,400588352,0,wednesday,116,0,5,,0:00,55,
4,8710,18711,2550,0,0,0.571,3,1,81,0,12/6/14,400588355,-10,saturday,164,0,6,,17:00,54,
7,10506,10656,2724,0,1,1,0,0.833,77,11,12/10/14,400586353,-12.5,wednesday,2550,0,5,,0:00,68,espn2
4,6502,18711,2550,0,1,0.4,6,0.875,67,0,12/14/14,400586183,-13.5,sunday,2612,0,7,,17:00,52,fs1
8,3330,10000,58,0,4,0.889,1,0.556,69,0,12/19/14,400586735,4,friday,2550,0,5,,0:00,89,cbssn
9,7556,10523,61,0,3,0.9,1,0.625,65,0,12/21/14,400588382,-4.5,sunday,2550,0,5,,23:00,47,espnu
1,1833,18711,2550,0,2,0.1,9,0.818,72,0,12/27/14,400588389,-21,saturday,311,0,9,,17:00,43,fs1
13,10701,18711,2550,0,2,1,0,0.846,66,6,1/3/15,400588399,7.5,saturday,222,0,11,,17:00,61,fs1
15,6500,6500,222,0,2,0.6,10,0.92,80,6,2/17/15,400588459,-16.5,tuesday,2550,0,23,,0:00,54,fs1
0,6114,18711,2550,1,0,0,0,0,84,0,11/14/15,400827769,-12,saturday,159,0,0,,0:00,67,
0,1800,2600,2550,0,0,0,1,1,69,0,11/15/15,400827770,0,sunday,2681,0,1,,18:30,59,
2,6553,18711,2550,0,1,0.667,1,0.8,69,0,11/29/15,400827771,-3,sunday,61,0,4,,0:30,62,
5,2280,4338,45,0,1,0.833,1,0.857,72,0,12/3/15,400820680,-7.5,thursday,2550,0,6,140,0:00,64,
5,5631,8000,164,0,4,0.714,2,0.429,55,0,12/5/15,400827772,5.5,saturday,2550,0,3,143,17:00,84,espnn
4,5549,18711,2550,0,2,0.5,4,0.75,78,0,12/11/15,400827773,-15.5,friday,2653,0,6,151,1:00,69,
3,6443,18711,2550,0,2,0.429,4,0.778,72,0,12/13/15,400827774,-12,sunday,2612,0,7,137,19:30,46,
5,7596,18711,2550,0,2,0.556,4,0.8,80,0,12/19/15,400818875,4,saturday,2724,0,8,132,17:00,76,fox
3,5700,18711,2550,0,2,0.25,9,0.818,66,0,12/22/15,400827775,-16.5,tuesday,58,0,9,137,23:30,49,fs2
12,6500,6500,222,0,2,0.857,2,0.857,72,11,1/7/16,400840309,-15,thursday,2550,0,12,140,0:00,63,fs1
16,8788,18711,2550,0,4,0.889,2,0.765,71,4,1/21/16,400840310,7,thursday,222,0,13,141,2:00,72,cbssn
0,6500,6500,222,1,0,0,0,0,75,0,11/9/13,400499520,0,saturday,322,0,0,,1:00,59,fs2
0,6500,6500,222,0,0,0,1,1,90,0,11/14/13,400498711,0,thursday,116,0,1,,0:00,59,cbssn
3,6500,6500,222,0,0,1,0,1,78,0,11/17/13,400504219,-14,sunday,119,0,2,,22:00,44,fs1
2,6500,6500,222,0,0,0.5,2,1,84,0,11/23/13,400504225,-15,saturday,48,0,3,,0:00,80,fs1
2,6500,6500,222,0,0,0.333,4,1,77,14,12/5/13,400504483,-19.5,thursday,219,0,7,,1:00,54,fs1
8,4200,4200,2603,0,3,1,0,0.571,68,14,12/7/13,400504489,3,saturday,222,0,4,,23:00,98,cbssn
5,6500,6500,222,0,0,0.556,4,1,73,10,12/15/13,400504494,-14,sunday,2325,0,9,,19:30,52,fs1
5,6500,6500,222,0,0,0.556,4,1,88,8,12/21/13,400502548,-21,saturday,2520,0,10,,21:00,67,fs1
11,28135,33000,183,0,0,1,0,1,78,8,12/28/13,400502755,-5,saturday,222,2,11,,19:00,62,cbs
14,11707,19812,2599,0,5,0.933,1,0.643,67,8,1/11/14,400504527,4.5,saturday,222,0,9,,18:00,74,fs1
18,10206,10200,218,0,13,0.9,2,0.316,74,9,2/1/14,400496984,11.5,saturday,222,0,6,,21:00,90,cbssn
15,6500,6500,222,0,2,0.714,6,0.905,81,6,2/4/14,400504556,-11,tuesday,2752,0,19,,0:00,58,fs1
18,17124,19500,222,0,3,0.667,9,0.885,57,9,2/22/14,400504581,-11,saturday,2599,0,23,,18:30,54,fs1
26,10340,10250,2752,0,10,0.897,3,0.667,70,6,3/7/14,400504597,1.5,friday,222,0,20,,0:00,77,fs1
0,6500,6500,222,0,0,0,1,1,81,12,11/18/14,400588328,-35,tuesday,2379,0,1,,0:00,44,fs1
1,6500,6500,222,0,0,0.5,1,1,72,12,11/21/14,400587043,-20.5,friday,2083,0,2,,1:00,65,cbssn
0,11289,19500,222,0,0,0,4,1,78,12,11/30/14,400588351,-27,sunday,48,0,5,,21:30,47,fs1
6,3400,3400,2325,0,2,1,0,0.667,70,10,12/4/14,400588353,10,thursday,222,0,4,,1:30,84,cbssn
4,6500,6500,222,0,0,0.571,3,1,74,10,12/6/14,400588357,-20.5,saturday,2603,0,7,,18:00,46,fs1
6,6500,6500,222,0,0,0.667,3,1,85,7,12/14/14,400586726,-18,sunday,218,0,9,,19:00,62,fs1
6,18369,19500,222,0,0,0.667,3,1,82,7,12/20/14,400587863,-10,saturday,183,0,10,,18:00,77,fox
5,6500,6500,222,0,0,0.417,7,1,92,7,12/24/14,400588387,-26.5,wednesday,2885,0,11,,0:00,67,fs1
16,8722,8722,219,0,8,0.941,1,0.333,47,5,1/18/15,400588421,18,sunday,222,0,4,,0:00,62,espn3
0,6500,6500,222,1,0,0,0,0,91,11,11/14/15,400840331,0,saturday,161,0,0,,0:00,54,
1,6500,6500,222,0,0,1,0,1,87,11,11/18/15,400809394,-18,wednesday,158,0,1,142,1:30,63,fs1
2,6500,6500,222,0,0,1,0,1,86,11,11/21/15,400827781,-23,saturday,2193,0,2,,0:00,51,
3,6500,6500,222,0,0,1,0,1,75,11,11/22/15,400827783,-14.5,sunday,2006,0,3,,21:30,56,
6,4200,4200,2603,0,1,1,0,0.8,72,8,12/2/15,400821330,12.5,wednesday,222,0,4,,0:00,86,cbssn
4,6500,6500,222,0,1,0.571,3,0.875,76,9,12/13/15,400825756,-24.5,sunday,2325,0,7,139,22:00,47,
8,14593,14593,258,0,1,0.889,1,0.889,86,12,12/19/15,400830367,-5.5,saturday,222,8,8,130,17:00,75,espn2
5,6500,6500,222,0,2,0.556,4,0.8,78,17,12/23/15,400833111,-25,wednesday,48,0,8,137,0:00,48,fs1
5,6500,6500,222,0,2,0.455,6,0.818,77,16,12/29/15,400840332,-26.5,tuesday,219,0,9,132,0:00,57,fs1
22,10472,10200,218,0,8,0.88,3,0.667,67,1,2/18/16,400825573,10,thursday,222,0,16,133,0:00,83,espn2
1,5706,10284,239,0,0,1,0,1,66,23,11/12/13,400506825,0,tuesday,2579,0,1,,20:00,64,espn
2,5290,10284,239,0,0,0.667,1,1,87,23,11/17/13,400506826,0,sunday,309,0,2,,22:00,68,
2,5185,10284,239,0,0,0.5,2,1,69,20,11/21/13,400506827,0,thursday,2127,0,3,,0:00,64,
4,5667,10284,239,0,1,0.444,5,0.889,91,12,12/19/13,400506831,0,thursday,2466,0,8,,2:30,84,
3,5562,10284,239,0,1,0.273,8,0.9,81,12,12/22/13,400506832,0,sunday,2582,0,9,,22:00,56,
6,8037,10284,239,0,1,0.5,6,0.909,81,9,12/31/13,400506833,0,tuesday,198,0,10,,1:00,55,
2,5685,10284,239,0,1,0.154,11,0.917,80,9,1/4/14,400507014,0,saturday,2542,0,11,,1:00,50,
12,14383,14356,66,0,0,0.923,1,1,87,7,1/8/14,400507015,0,wednesday,239,9,13,,0:00,72,espn2
9,7573,10284,239,0,2,0.643,5,0.857,88,7,1/11/14,400507016,0,saturday,2628,0,12,,18:45,62,espn3
13,9516,15098,2641,0,8,0.867,2,0.5,82,12,1/16/14,400507017,0,thursday,239,0,8,,2:00,72,espnu
13,8544,10284,239,0,3,0.765,4,0.813,64,25,1/18/14,400507018,0,saturday,201,12,13,,19:00,66,espn
15,8052,10284,239,0,5,0.789,4,0.722,60,24,1/25/14,400507020,0,saturday,251,0,13,,18:30,74,espn3
11,5529,10284,239,0,6,0.55,9,0.684,64,0,1/29/14,400507021,0,wednesday,277,0,13,,0:00,66,espn2
13,11500,13611,197,0,4,0.65,7,0.8,70,8,2/1/14,400507022,0,saturday,239,0,16,,19:00,76,espn
16,8305,10284,239,0,7,0.762,5,0.667,52,8,2/5/14,400507023,0,wednesday,2305,0,14,,0:00,69,espn2
14,13112,11562,201,0,6,0.636,8,0.739,88,21,2/9/14,400507024,0,sunday,239,0,17,,0:00,72,espn2
14,4705,6800,2628,0,13,0.609,9,0.409,58,0,2/13/14,400507025,0,thursday,239,0,9,,0:00,91,espnu
17,7556,10284,239,0,9,0.708,7,0.625,87,0,2/16/14,400507026,0,sunday,2306,0,15,,0:00,73,espnu
16,6517,10284,239,0,9,0.64,9,0.64,70,0,2/18/14,400507027,0,tuesday,197,0,16,,2:00,64,espn
17,11843,14000,277,0,11,0.654,9,0.577,75,0,2/22/14,400507028,0,saturday,239,0,15,,18:45,88,espn3
18,12471,16540,251,0,7,0.667,9,0.741,74,24,2/27/14,400507029,0,thursday,239,0,20,,2:00,69,espnu
13,8827,10284,239,0,10,0.464,15,0.643,59,0,3/1/14,400507030,0,saturday,2641,0,18,,18:40,49,espn3
20,12528,12528,2306,0,10,0.667,10,0.667,74,0,3/8/14,400507032,0,saturday,239,0,20,,18:30,76,espn3
0,6158,10284,239,1,0,0,0,0,80,0,11/15/14,400585671,0,saturday,2377,0,0,,2:30,39,
0,5208,10284,239,0,0,0,3,1,60,0,11/22/14,400585693,0,saturday,2504,0,2,,0:00,45,
1,5503,10284,239,0,0,0.333,2,1,67,0,11/25/14,400585700,0,tuesday,2617,0,3,,1:00,51,
1,4286,10284,239,0,1,0.167,5,0.833,75,0,12/2/14,400585713,0,tuesday,2640,0,5,,2:00,49,espnu
6,7740,14316,238,0,1,0.857,1,0.833,63,0,12/5/14,400585719,0,friday,239,0,5,,0:00,66,espnu
6,7265,10284,239,0,1,0.857,1,0.875,77,0,12/10/14,400585731,0,wednesday,245,0,7,,2:00,63,espn2
4,4787,10284,239,0,1,0.4,6,0.889,66,0,12/18/14,400585749,0,thursday,166,0,8,,2:00,55,espnu
3,5379,10284,239,0,1,0.25,9,0.9,70,22,12/23/14,400591016,0,tuesday,2582,0,9,,1:00,66,
9,5138,10284,239,0,1,0.643,5,0.909,92,22,12/31/14,400585773,0,wednesday,2450,0,10,,1:00,51,
11,12322,11562,201,0,3,0.917,1,0.75,73,22,1/3/15,400585779,0,saturday,239,18,9,,21:00,63,espnu
11,7088,10284,239,0,2,0.846,2,0.846,55,12,1/8/15,400585786,0,thursday,2305,21,11,,2:00,56,espnu
11,5388,4750,2628,0,2,0.786,3,0.867,59,21,1/10/15,400585789,0,saturday,239,0,13,,21:00,66,espn2
12,6576,10284,239,0,3,0.857,2,0.8,74,11,1/15/15,400585796,0,thursday,66,22,12,,2:00,73,espnu
13,12528,12528,2306,0,7,0.813,3,0.588,63,22,1/17/15,400585797,0,saturday,239,0,10,,20:00,61,espnu
12,8753,10284,239,0,4,0.667,6,0.778,69,19,1/24/15,400585811,0,saturday,201,21,14,,23:00,58,espn2
15,7364,13611,197,0,6,0.789,4,0.684,64,20,1/28/15,400585814,0,wednesday,239,0,13,,2:00,53,espnn
14,9680,10284,239,0,5,0.7,6,0.75,83,19,1/31/15,400585820,0,saturday,251,20,15,,23:00,60,espn2
14,5405,10284,239,0,5,0.667,7,0.762,77,19,2/5/15,400585825,0,thursday,2628,0,16,,1:30,57,espnn
17,12783,14000,277,0,4,0.773,5,0.818,69,19,2/7/15,400585827,0,saturday,239,15,18,,17:00,87,espnu
16,6720,10284,239,0,5,0.696,7,0.783,65,21,2/10/15,400585832,0,tuesday,197,16,18,,0:00,74,espnu
18,16300,16300,2305,0,4,0.75,6,0.833,74,16,2/14/15,400585837,0,saturday,239,8,20,,18:00,64,cbs
13,8046,10284,239,0,7,0.481,14,0.731,69,20,2/21/15,400585848,0,saturday,2306,0,19,,18:00,42,espnu
20,14384,14356,66,0,6,0.741,7,0.769,70,19,2/26/15,400585854,0,thursday,239,12,20,,2:00,79,espnu
22,9385,10284,239,0,7,0.786,6,0.75,78,20,2/28/15,400585858,0,saturday,277,19,21,,21:00,66,espnu
22,12139,16540,251,0,12,0.759,7,0.586,61,14,3/3/15,400585861,0,tuesday,239,0,17,,0:00,59,espnu
13,9554,10284,239,0,8,0.433,17,0.733,77,14,3/7/15,400585865,0,saturday,2641,0,22,,2:00,74,espn2
0,7041,10284,239,1,0,0,0,0,97,22,11/14/15,400831581,0,saturday,2617,0,0,,2:30,55,
1,5973,10284,239,0,1,0.5,1,0.5,77,20,11/21/15,400831582,0,saturday,2296,0,1,,1:00,60,
2,4714,10284,239,0,0,0.5,2,1,100,0,11/24/15,400831583,0,tuesday,2542,0,3,,1:00,61,
2,4768,10284,239,0,1,0.4,3,0.75,94,0,11/27/15,400831584,0,friday,2032,0,3,,18:00,72,
0,4572,10284,239,0,1,0,6,0.8,80,25,12/3/15,400830182,0,thursday,2504,0,4,,2:30,41,
6,7084,10284,239,0,1,0.857,1,0.833,69,16,12/7/15,400830678,-3,monday,238,25,5,139,1:00,67,espnu
1,4627,10284,239,0,1,0.143,6,0.857,75,16,12/9/15,400831687,0,wednesday,2466,0,6,,1:00,62,
8,9056,12989,245,0,2,0.889,1,0.8,80,16,12/20/15,400830798,-3,sunday,239,24,8,141,2:00,61,espnu
7,5842,10284,239,0,2,0.583,5,0.8,85,23,12/24/15,400831585,-13,thursday,166,0,8,131,1:00,70,fsn
1,5223,10284,239,0,2,0.091,10,0.818,72,23,12/29/15,400831586,-21,tuesday,2640,0,9,145,20:00,59,espnu
9,16300,16300,2305,0,0,0.75,3,1,102,23,1/2/16,400831504,-12,saturday,239,2,12,146,21:00,74,cbs
9,5665,10284,239,0,3,0.692,4,0.769,79,0,1/6/16,400831332,-9,wednesday,197,0,10,135,1:00,62,espn2
11,14384,14356,66,0,2,0.786,3,0.857,89,13,1/9/16,400831510,-7,saturday,239,0,12,157,20:00,94,espn2
9,5764,10284,239,0,3,0.6,6,0.8,82,22,1/14/16,400831516,-12.5,thursday,2628,0,12,143,1:15,54,espnn
13,12827,15098,2641,0,4,0.813,3,0.733,60,22,1/16/16,400831519,1.5,saturday,239,0,11,146,20:00,63,
15,10206,10284,239,0,3,0.882,2,0.833,72,1,1/23/16,400831523,-1,saturday,201,13,15,150,17:00,82,espn
15,7148,13611,197,0,9,0.789,4,0.526,65,17,1/28/16,400831337,4,thursday,239,0,10,141,2:00,69,espnu
11,9675,10284,239,0,4,0.611,7,0.8,83,17,1/30/16,400809417,-11.5,saturday,61,0,16,138,23:00,73,espn2
14,6064,10284,239,0,4,0.667,7,0.81,59,15,2/2/16,400831529,-4.5,tuesday,251,0,17,142,2:00,67,espn
17,14069,14000,277,0,4,0.773,5,0.818,80,15,2/7/16,400830922,-6,sunday,239,14,18,149,1:00,69,espn2
17,11636,12528,2306,0,9,0.739,6,0.609,72,21,2/11/16,400831538,-2.5,thursday,239,0,14,139,1:15,82,espnn
14,7540,10284,239,0,6,0.609,9,0.75,66,21,2/14/16,400831540,-10.5,sunday,2641,0,18,143,1:00,84,espnu
17,5556,10284,239,0,6,0.68,8,0.76,100,13,2/17/16,400831542,-2,wednesday,66,25,19,157,2:00,91,espn2
19,16540,16540,251,0,9,0.731,7,0.654,64,25,2/20/16,400831545,-6,saturday,239,24,17,138,19:00,78,espn
23,8259,10284,239,0,7,0.852,4,0.741,60,2,2/24/16,400831549,2,wednesday,2305,19,20,151,1:00,66,espn2
20,6364,6800,2628,0,17,0.714,8,0.393,71,19,2/28/16,400831554,9,sunday,239,0,11,143,1:00,86,espnu
21,11563,11562,201,0,6,0.724,8,0.786,73,19,3/2/16,400831556,-7.5,wednesday,239,6,22,149,1:00,71,espn2
23,7629,10284,239,0,9,0.767,7,0.7,58,10,3/5/16,400831330,-3,saturday,277,19,21,149,19:00,69,espn
0,14384,14356,66,1,0,0,1,0,95,0,11/10/13,400498241,0,sunday,350,0,0,,18:00,62,
1,13238,14356,66,0,0,1,0,1,80,0,11/13/13,400498248,0,wednesday,357,0,1,,1:00,50,
2,14384,14356,66,0,0,1,0,1,77,7,11/17/13,400498256,0,sunday,130,0,2,,22:00,70,espn2
3,15808,20900,252,0,0,1,0,1,88,21,11/21/13,400498262,0,thursday,66,0,4,,2:30,90,espnu
0,12960,14356,66,0,0,0,4,1,110,17,11/26/13,400498273,0,tuesday,140,0,5,,1:00,51,
4,13889,14356,66,0,0,0.8,1,1,99,17,12/3/13,400498283,0,tuesday,2,0,5,,0:00,70,espnu
10,14384,14356,66,0,0,0.909,1,1,85,23,12/14/13,400498300,0,saturday,2294,17,7,,2:30,82,espnu
5,14384,14356,66,0,0,0.5,5,1,99,13,1/1/14,400498335,0,wednesday,2459,0,11,,0:00,63,
12,5861,15098,2641,0,5,1,0,0.615,62,13,1/4/14,400498338,0,saturday,66,0,8,,18:47,73,espn3
14,11105,11562,201,0,3,1,0,0.8,87,9,1/11/14,400498346,0,saturday,66,0,12,,17:00,82,espnu
11,14384,14356,66,0,1,0.733,4,0.933,70,15,1/14/14,400498352,0,tuesday,2305,8,14,,2:00,77,espn
14,12709,16540,251,0,4,0.875,2,0.765,86,8,1/18/14,400498359,0,saturday,66,0,13,,21:00,76,espn3
14,14384,14356,66,0,3,0.737,5,0.824,81,22,1/25/14,400498365,0,saturday,2306,16,14,,18:45,75,espn3
15,16300,16300,2305,0,4,0.833,3,0.789,92,16,1/30/14,400498373,0,thursday,66,6,15,,2:00,81,espnu
17,14384,14356,66,0,4,0.81,4,0.789,81,23,2/1/14,400498377,0,saturday,201,16,15,,21:00,75,espn3
16,10132,13611,197,0,5,0.8,4,0.762,97,16,2/4/14,400498379,0,tuesday,66,19,16,,2:00,98,espn
9,14384,14356,66,0,4,0.429,12,0.81,84,16,2/8/14,400498385,0,saturday,2628,0,17,,21:00,69,espn3
17,8177,14000,277,0,9,0.773,5,0.625,102,11,2/11/14,400498388,0,tuesday,66,0,15,,0:00,77,espnu
13,14384,14356,66,0,5,0.542,11,0.783,70,11,2/15/14,400498393,0,saturday,2641,0,18,,18:45,64,espn3
20,14384,14356,66,0,5,0.8,5,0.792,85,19,2/19/14,400498399,0,wednesday,251,17,19,,0:00,76,espn2
20,5778,6800,2628,0,16,0.8,5,0.36,60,17,2/22/14,400498404,0,saturday,66,0,9,,21:00,71,espn2
15,14384,14356,66,0,5,0.556,12,0.808,83,15,2/27/14,400498410,0,thursday,277,0,21,,1:00,66,espn3
22,12528,12528,2306,0,9,0.815,5,0.679,80,15,3/2/14,400498414,0,sunday,66,0,19,,0:00,73,espnu
20,14384,14356,66,0,7,0.667,10,0.759,85,16,3/8/14,400498424,0,saturday,197,0,22,,19:00,81,espn
0,14384,14356,66,1,0,0,0,0,93,14,11/15/14,400585667,0,saturday,2473,0,0,,1:00,82,
1,13913,14356,66,0,0,1,0,1,81,14,11/18/14,400585681,0,tuesday,2247,0,1,,2:00,58,espnu
2,13907,14356,66,0,1,0.333,4,0.75,96,20,12/3/14,400585714,0,wednesday,2320,0,3,,1:00,59,
6,14384,14356,66,0,1,1,0,0.8,95,18,12/5/14,400585721,0,friday,8,20,4,,2:00,77,espn2
3,13902,14356,66,0,1,0.333,6,0.833,73,14,12/10/14,400585729,0,wednesday,140,0,5,,0:00,56,espnu
6,15400,15000,2294,0,2,0.857,1,0.8,75,14,12/13/14,400585735,0,saturday,66,0,8,,1:06,90,btn
2,14384,14356,66,0,1,0.222,7,0.875,88,14,12/14/14,400585742,0,sunday,2582,0,7,,23:00,78,
1,14384,14356,66,0,1,0.083,11,0.9,83,9,1/1/15,400585776,0,thursday,2400,0,9,,0:00,33,
11,14384,14356,66,0,2,0.846,2,0.833,63,17,1/7/15,400585785,0,wednesday,197,0,10,,2:00,61,espn2
11,12076,14000,277,0,1,0.846,2,0.933,72,17,1/11/15,400585792,0,sunday,66,14,14,,1:00,74,espn2
14,14384,14356,66,0,3,0.875,2,0.8,86,9,1/18/15,400585799,0,sunday,2305,11,12,,2:00,81,espn
11,14384,14356,66,0,3,0.611,7,0.813,77,9,1/21/15,400585804,0,wednesday,2306,0,13,,0:00,71,espn2
14,9310,15098,2641,0,9,0.824,3,0.526,78,9,1/24/15,400585810,0,saturday,66,0,10,,21:00,73,espnu
14,14384,14356,66,0,4,0.737,5,0.778,89,19,1/27/15,400585812,0,tuesday,251,15,14,,2:00,86,espn
14,14384,14356,66,0,4,0.7,6,0.789,83,15,1/31/15,400585818,0,saturday,2628,0,15,,19:00,66,espnu
12,14384,14356,66,0,5,0.522,11,0.762,75,11,2/7/15,400585828,0,saturday,2641,0,16,,19:00,38,espnu
17,11099,11562,201,0,7,0.773,5,0.696,94,14,2/10/15,400585833,0,tuesday,66,17,16,,2:00,83,espn
19,14384,14356,66,0,6,0.792,5,0.739,79,21,2/14/15,400585838,0,saturday,277,14,17,,21:00,59,espn2
18,7612,13611,197,0,8,0.75,6,0.68,65,14,2/19/15,400585845,0,thursday,66,22,17,,2:00,70,espnu
19,13161,16540,251,0,9,0.76,6,0.654,77,14,2/21/15,400585849,0,saturday,66,0,17,,19:00,85,espn2
20,12528,12528,2306,0,15,0.741,7,0.483,70,12,2/28/15,400585859,0,saturday,66,0,14,,21:00,69,espn2
20,14384,14356,66,0,8,0.714,8,0.714,77,15,3/3/15,400585862,0,tuesday,201,17,20,,2:00,70,espn
21,5076,4750,2628,0,13,0.724,8,0.567,76,17,3/8/15,400585867,0,sunday,66,0,17,,1:30,89,espnn
0,14111,14356,66,0,0,0,1,1,106,7,11/17/15,400816961,0,tuesday,2130,0,2,,1:00,64,
3,13305,14356,66,0,0,1,0,1,83,4,11/24/15,400816962,0,tuesday,236,0,2,,1:00,63,
4,14272,14356,66,0,0,0.8,1,1,84,5,12/2/15,400816964,0,wednesday,2449,0,5,,1:00,64,
4,14130,14356,66,0,0,0.5,4,1,84,4,12/8/15,400816965,-21,tuesday,2084,0,6,156,2:00,63,espnu
7,14384,14356,66,0,0,0.778,2,1,83,4,12/11/15,400830610,-7.5,friday,2294,0,7,155,0:30,82,espn2
2,14284,14356,66,0,0,0.222,7,1,78,4,12/13/15,400816967,0,sunday,2029,0,8,,23:00,64,
9,13176,13176,2132,0,2,0.9,1,0.833,79,11,12/23/15,400816968,-5,wednesday,66,22,10,144,0:00,81,espn2
1,14384,14356,66,0,0,0.071,13,1,104,11,12/31/15,400816969,0,thursday,2154,0,11,,1:00,84,
11,14384,14356,66,0,2,0.917,1,0.846,76,13,1/7/16,400831509,-11,thursday,2641,0,11,155,2:00,69,espnu
12,10663,16540,251,0,6,0.8,3,0.6,94,17,1/13/16,400831514,1,wednesday,66,0,9,154,2:00,91,espn2
12,12462,12528,2306,0,5,0.75,4,0.688,63,17,1/16/16,400831518,1.5,saturday,66,0,11,153,21:00,76,espnu
15,14384,14356,66,0,4,0.938,1,0.765,82,1,1/19/16,400831521,-2,tuesday,201,19,13,170,2:00,77,espn
14,6014,6800,2628,0,9,0.778,4,0.5,60,19,1/23/16,400831525,9,saturday,66,0,9,153,21:00,73,espnu
16,14384,14356,66,0,4,0.842,3,0.789,85,4,1/26/16,400831526,-1.5,tuesday,2305,14,15,161,2:00,72,espn
17,14384,14356,66,0,5,0.81,4,0.762,76,14,2/3/16,400830921,-5,wednesday,277,13,16,157,2:00,81,espn2
16,6561,13611,197,0,11,0.727,6,0.5,59,13,2/6/16,400831339,4.5,saturday,66,0,11,149,19:00,64,espn2
17,6715,15098,2641,0,9,0.739,6,0.591,85,14,2/11/16,400831537,2,thursday,66,0,13,150,2:00,82,espnu
16,14384,14356,66,0,7,0.667,8,0.708,85,24,2/14/16,400831541,-4.5,sunday,251,14,17,147,1:30,75,espn
11,14384,14356,66,0,8,0.423,15,0.692,92,13,2/21/16,400831547,-17.5,sunday,2628,0,18,146,0:30,83,espnu
19,10683,14000,277,0,7,0.704,8,0.741,97,17,2/23/16,400831327,-6,tuesday,66,14,20,156,2:00,87,espn
15,14384,14356,66,0,9,0.536,13,0.679,80,17,2/27/16,400831553,-8.5,saturday,2306,0,19,149,23:00,61,espn2
12,14384,14356,66,0,9,0.414,17,0.69,58,21,3/1/16,400831345,-14,tuesday,197,0,20,145,0:00,50,espnu
21,16300,16300,2305,0,4,0.7,9,0.867,85,21,3/5/16,400831560,-11.5,saturday,66,1,26,157,21:00,78,espn
0,16300,16300,2305,1,0,0,0,0,80,5,11/9/13,400498234,0,saturday,2433,0,0,,1:00,63,espn3
1,16300,16300,2305,0,0,0.5,1,1,86,2,11/20/13,400498260,0,wednesday,314,0,2,,1:00,66,espn3
3,16300,16300,2305,0,0,0.75,1,1,88,2,11/23/13,400498267,0,saturday,119,0,3,,1:00,58,espn3
6,11113,11064,38,0,1,0.857,1,0.889,75,6,12/7/13,400498294,0,saturday,2305,0,8,,20:15,72,espn2
6,12423,10151,57,0,2,0.75,2,0.75,67,13,12/11/13,400498299,0,wednesday,2305,19,6,,0:00,61,espn
7,16300,16300,2305,0,3,0.778,2,0.7,86,18,12/21/13,400498315,0,saturday,46,0,7,,17:00,64,espn
12,16300,16300,2305,0,3,1,0,0.727,93,16,12/31/13,400498328,0,tuesday,2649,0,8,,1:00,83,espn3
11,16300,16300,2305,0,3,0.917,1,0.75,57,21,1/5/14,400498217,0,sunday,21,16,9,,21:45,61,cbs
9,13127,11562,201,0,2,0.692,4,0.857,83,18,1/9/14,400498344,0,thursday,2305,0,12,,0:00,90,espn2
12,16300,16300,2305,0,4,0.8,3,0.714,86,25,1/11/14,400498348,0,saturday,2306,18,10,,19:00,60,espn
15,16300,16300,2305,0,4,0.882,2,0.75,80,9,1/18/14,400498358,0,saturday,197,15,12,,21:00,78,cbs
14,7494,6800,2628,0,9,0.778,4,0.5,69,8,1/26/14,400498369,0,sunday,2305,0,9,,2:00,91,espnu
16,16540,16540,251,0,4,0.8,4,0.8,81,6,2/1/14,400498378,0,saturday,2305,25,16,,21:00,69,espn
14,16300,16300,2305,0,5,0.609,9,0.773,83,8,2/8/14,400498384,0,saturday,277,0,17,,21:00,69,espn
18,12528,12528,2306,0,7,0.783,5,0.696,85,7,2/11/14,400498389,0,tuesday,2305,0,16,,2:00,82,espn
9,16300,16300,2305,0,6,0.391,14,0.75,95,7,2/15/14,400498395,0,saturday,2628,0,18,,21:00,65,espn3
19,12667,15098,2641,0,12,0.76,6,0.52,63,8,2/19/14,400498400,0,wednesday,2305,0,13,,1:00,64,espn3
20,16300,16300,2305,0,6,0.741,7,0.778,83,5,2/25/14,400498408,0,tuesday,201,0,21,,2:05,75,espn
22,13611,13611,197,0,10,0.786,6,0.643,72,5,3/2/14,400498415,0,sunday,2305,0,18,,2:00,65,espn
13,16300,16300,2305,0,7,0.448,16,0.759,82,8,3/6/14,400498419,0,thursday,2641,0,22,,1:00,57,espn3
23,14038,14000,277,0,14,0.767,7,0.533,92,8,3/8/14,400498422,0,saturday,2305,0,16,,17:00,86,espn
0,16300,16300,2305,1,0,0,0,0,69,5,11/15/14,400585668,0,saturday,2540,0,0,,1:00,59,
2,16300,16300,2305,0,1,0.667,1,0.5,87,11,11/25/14,400585697,0,tuesday,2520,0,1,,1:00,60,espn2
3,16300,16300,2305,0,1,0.5,3,0.833,71,11,12/6/14,400585724,0,saturday,57,0,5,,2:15,65,espn
6,14164,20278,46,0,2,0.857,1,0.714,70,10,12/11/14,400585733,0,thursday,2305,0,5,,0:00,75,fs1
7,16300,16300,2305,0,1,0.778,2,0.889,96,10,12/20/14,400585751,0,saturday,322,0,8,,20:00,69,
8,16300,16300,2305,0,2,0.727,3,0.818,78,13,12/31/14,400585771,0,wednesday,2309,0,9,,1:00,62,
9,16300,16300,2305,0,2,0.692,4,0.833,76,13,1/4/15,400585782,0,sunday,2439,0,10,,21:30,61,cbs
10,16300,16300,2305,0,2,0.667,5,0.857,86,12,1/10/15,400585788,0,saturday,2641,0,12,,20:00,54,espnu
12,16300,16300,2305,0,2,0.8,3,0.867,67,24,1/14/15,400585793,0,wednesday,197,9,13,,0:00,57,espn2
12,16300,16300,2305,0,3,0.706,5,0.824,85,19,1/20/15,400585803,0,tuesday,201,11,14,,2:00,78,espn
15,16540,16540,251,0,4,0.833,3,0.778,62,11,1/24/15,400585808,0,saturday,2305,17,14,,19:06,75,cbs
16,5439,4750,2628,0,5,0.842,3,0.737,61,9,1/29/15,400585816,0,thursday,2305,0,14,,2:00,64,espnu
12,16300,16300,2305,0,3,0.571,9,0.85,68,9,1/31/15,400585819,0,saturday,2306,0,17,,19:00,57,espn
19,10399,13611,197,0,7,0.864,3,0.682,67,8,2/7/15,400585829,0,saturday,2305,0,15,,19:00,62,espn
21,7033,14000,277,0,6,0.84,4,0.76,62,8,2/17/15,400585842,0,tuesday,2305,23,19,,2:00,61,espn
16,16300,16300,2305,0,5,0.615,10,0.808,81,8,2/21/15,400585851,0,saturday,2628,0,21,,21:00,72,espn2
22,12528,12528,2306,0,15,0.815,5,0.464,70,8,2/24/15,400585852,0,tuesday,2305,0,13,,2:00,63,espn
17,16300,16300,2305,0,6,0.607,11,0.786,69,8,2/28/15,400585860,0,saturday,251,0,22,,22:00,64,espn
22,16300,16300,2305,0,6,0.759,7,0.793,76,20,3/4/15,400585863,0,wednesday,277,9,23,,2:00,69,espn2
24,12104,11562,201,0,9,0.8,6,0.69,75,9,3/7/15,400585868,0,saturday,2305,15,20,,21:00,73,espn
1,16300,16300,2305,0,1,0.167,5,0.8,94,4,12/2/15,400813780,0,wednesday,2352,0,4,,1:00,61,espn3
3,16300,16300,2305,0,1,0.375,5,0.857,92,2,12/10/15,400813802,0,thursday,107,0,6,,1:00,59,espn3
4,16300,16300,2305,0,1,0.444,5,0.889,88,2,12/19/15,400813803,-25,saturday,149,0,8,147,19:00,46,espn3
9,12414,12414,21,0,5,0.9,1,0.583,57,2,12/23/15,400813804,7,wednesday,2305,0,7,136,4:00,70,cbssn
12,16300,16300,2305,0,1,1,0,0.923,109,2,1/5/16,400831507,-7.5,tuesday,201,1,12,159,2:00,106,espn
13,14231,15098,2641,0,2,0.929,1,0.846,59,1,1/10/16,400831512,7,sunday,2305,0,11,149,2:00,69,espnu
14,12097,14000,277,0,1,0.933,1,0.933,74,1,1/13/16,400830916,1,wednesday,2305,11,14,156,0:00,63,espn2
9,16300,16300,2305,0,2,0.563,7,0.875,70,1,1/16/16,400831517,-23,saturday,2628,0,14,148,19:00,63,espn
15,11383,13611,197,0,8,0.882,2,0.529,86,3,1/20/16,400831335,9,wednesday,2305,0,9,142,0:00,67,espn2
12,16300,16300,2305,0,3,0.667,6,0.833,76,3,1/23/16,400831524,-12,saturday,251,0,15,143,19:00,67,espn
13,16300,16300,2305,0,4,0.619,8,0.81,77,7,2/4/16,400831531,-12,thursday,2306,0,17,143,2:00,59,espn2
18,6516,6800,2628,0,12,0.818,4,0.455,56,7,2/6/16,400831533,12.5,saturday,2305,0,10,145,17:00,75,espn
19,16300,16300,2305,0,4,0.826,4,0.826,75,10,2/10/16,400830923,-7,wednesday,277,6,19,149,0:00,65,espn2
20,12247,11562,201,0,3,0.833,4,0.87,72,6,2/13/16,400831539,-3.5,saturday,2305,3,20,156,19:30,76,espn
12,16300,16300,2305,0,4,0.48,13,0.84,94,2,2/16/16,400831342,-15,tuesday,197,0,21,137,2:00,67,espn
22,12528,12528,2306,0,11,0.846,4,0.577,63,2,2/20/16,400831546,5,saturday,2305,0,15,144,23:00,72,espn2
18,16300,16300,2305,0,4,0.667,9,0.857,67,2,2/27/16,400831551,-13.5,saturday,2641,0,24,145,17:00,58,espn
25,16540,16540,251,0,10,0.862,4,0.655,56,1,3/1/16,400831555,3.5,tuesday,2305,23,19,142,2:00,86,espn
0,12004,12528,2306,1,0,0,0,0,58,0,11/9/13,400498016,0,saturday,2458,0,0,,2:00,60,
1,11638,12528,2306,0,1,1,0,0,71,0,11/14/13,400498250,0,thursday,198,0,0,,1:00,63,
1,12003,12528,2306,0,1,0.333,2,0.5,71,0,11/17/13,400498254,0,sunday,299,0,1,,21:00,58,
2,11651,12528,2306,0,3,0.4,3,0.5,87,0,12/1/13,400498282,0,sunday,2110,0,3,,21:00,54,
6,11990,12528,2306,0,3,1,0,0.571,61,0,12/6/13,400498291,0,friday,145,0,4,,2:00,58,espn2
3,11612,12528,2306,0,3,0.375,5,0.625,64,0,12/11/13,400498298,0,wednesday,233,0,5,,1:00,62,
4,11862,12528,2306,0,3,0.571,3,0.667,72,0,12/15/13,400498307,0,sunday,2653,0,6,,23:00,43,
11,12532,12528,2306,0,3,0.917,1,0.75,72,0,12/31/13,400498334,0,tuesday,45,0,9,,20:00,55,
12,12528,12528,2306,0,3,0.923,1,0.769,74,6,1/4/14,400498337,0,saturday,197,0,10,,21:00,71,espnu
11,4280,6800,2628,0,4,0.786,3,0.692,47,25,1/8/14,400498343,0,wednesday,2306,0,9,,1:00,65,espn3
13,12250,12528,2306,0,4,0.813,3,0.75,72,25,1/15/14,400498353,0,wednesday,201,0,12,,0:00,66,espn2
10,12528,12528,2306,0,4,0.588,7,0.765,78,0,1/18/14,400498356,0,saturday,277,0,13,,18:30,56,espn3
14,8918,16540,251,0,4,0.778,4,0.778,67,22,1/22/14,400498362,0,wednesday,2306,0,14,,0:00,64,espn2
10,11805,12528,2306,0,6,0.5,10,0.7,66,0,1/29/14,400498372,0,wednesday,2641,0,14,,1:00,58,espn3
15,10121,14000,277,0,9,0.714,6,0.571,81,0,2/1/14,400498375,0,saturday,2306,0,12,,18:30,71,espn3
18,12171,12528,2306,0,7,0.818,4,0.682,74,15,2/8/14,400498383,0,saturday,251,0,15,,18:30,57,espn3
9,11969,12528,2306,0,8,0.375,15,0.68,65,0,2/20/14,400498401,0,thursday,2628,0,17,,2:00,53,espnu
18,12925,11562,201,0,7,0.692,8,0.731,86,0,2/22/14,400498405,0,saturday,2306,0,19,,21:00,73,espn3
18,12224,15098,2641,0,14,0.667,9,0.481,56,0,2/26/14,400498409,0,wednesday,2306,0,13,,0:00,60,espn2
20,10969,13611,197,0,10,0.69,9,0.655,77,0,3/4/14,400498417,0,tuesday,2306,0,19,,2:00,61,espn
0,12405,12528,2306,1,0,0,0,0,98,0,11/15/14,400585670,0,saturday,253,0,0,,2:00,68,
1,12189,12528,2306,0,0,1,0,1,83,0,11/18/14,400585680,0,tuesday,140,0,1,,1:00,73,
2,4256,4200,299,0,2,1,0,0.333,69,0,11/22/14,400585692,0,saturday,2306,0,1,,3:30,60,
3,12126,12528,2306,0,3,0.6,2,0.5,84,0,12/3/14,400585715,0,wednesday,2437,0,3,,1:00,66,
4,14111,21678,2633,0,3,0.571,3,0.4,65,0,12/6/14,400585727,0,saturday,2306,0,2,,20:15,64,espn2
3,12238,12528,2306,0,4,0.375,5,0.5,50,0,12/10/14,400585730,0,wednesday,71,0,4,,1:00,47,espn3
3,12266,12528,2306,0,4,0.3,7,0.556,73,0,12/14/14,400585743,0,sunday,2542,0,5,,23:00,53,
2,12528,12528,2306,0,4,0.182,9,0.636,56,0,12/28/14,400585766,0,sunday,2640,0,7,,20:00,58,
7,12528,12528,2306,0,5,0.7,3,0.583,46,0,12/31/14,400585774,0,wednesday,61,0,7,,21:00,50,espnu
13,12213,12528,2306,0,7,0.929,1,0.5,58,0,1/8/15,400585787,0,thursday,2628,0,7,,2:00,53,espnn
8,12426,11562,201,0,3,0.533,7,0.786,63,16,1/11/15,400585791,0,sunday,2306,0,11,,0:00,66,espnu
10,12264,12528,2306,0,7,0.625,6,0.563,58,0,1/15/15,400585795,0,thursday,2641,0,9,,1:00,51,espnn
13,12528,12528,2306,0,8,0.722,5,0.579,63,0,1/24/15,400585807,0,saturday,197,0,11,,17:00,53,espn2
16,12528,12528,2306,0,8,0.842,3,0.6,59,17,1/28/15,400585813,0,wednesday,277,0,12,,0:00,65,espn2
12,7429,15098,2641,0,11,0.545,10,0.5,64,0,2/5/15,400585826,0,thursday,2306,0,11,,2:00,47,espnu
14,12528,12528,2306,0,11,0.636,8,0.522,57,25,2/7/15,400585831,0,saturday,251,0,12,,21:00,61,espn
12,8762,14000,277,0,5,0.5,12,0.783,76,21,2/12/15,400585835,0,thursday,2306,0,18,,0:00,72,espnu
17,12528,12528,2306,0,13,0.708,7,0.48,59,17,2/15/15,400585841,0,sunday,201,0,12,,1:00,56,espn2
13,3804,4750,2628,0,10,0.5,13,0.6,69,0,2/19/15,400585846,0,thursday,2306,0,15,,1:00,55,
15,12053,16540,251,0,12,0.5,15,0.6,62,0,3/7/15,400585869,0,saturday,2306,0,18,,21:00,49,espn2
0,11389,12528,2306,1,0,0,0,0,80,0,11/14/15,400831689,0,saturday,2379,0,0,,1:00,53,espn3
3,11781,12528,2306,0,1,0.5,3,0.8,68,0,11/29/15,400813765,0,sunday,2569,0,4,,20:00,66,espn3
5,6949,10523,61,0,2,0.833,1,0.6,66,0,12/5/15,400813766,-2.5,saturday,2306,0,3,132,0:00,68,secn
2,11409,12528,2306,0,1,0.25,6,0.857,83,0,12/10/15,400813767,0,thursday,2154,0,6,,1:00,58,espn3
7,7003,12989,245,0,2,0.875,1,0.778,78,0,12/12/15,400813768,-10,saturday,2306,0,7,139,22:30,68,secn
5,12440,12528,2306,0,2,0.5,5,0.8,63,0,12/23/15,400813769,-17,wednesday,155,0,8,138,1:00,49,espn3
5,12528,12528,2306,0,2,0.455,6,0.818,75,0,12/30/15,400813770,-12.5,wednesday,139,0,9,126,1:00,47,espn3
11,12270,12528,2306,0,2,0.917,1,0.833,83,19,1/2/16,400830913,5,saturday,277,0,10,138,17:00,87,espnu
10,10620,16540,251,0,5,0.769,3,0.615,60,0,1/6/16,400831508,-5.5,wednesday,2306,0,8,137,1:00,57,lhn
10,11113,11562,201,0,1,0.714,4,0.923,86,2,1/9/16,400831513,-12.5,saturday,2306,0,12,143,21:30,76,espnn
11,12316,12528,2306,0,5,0.786,3,0.667,83,0,1/13/16,400831515,-3.5,wednesday,2641,0,10,136,1:00,70,espn3
10,12298,12528,2306,0,7,0.556,8,0.611,89,0,1/23/16,400831336,-5.5,saturday,197,0,11,133,23:00,73,espnu
12,9936,14000,277,0,3,0.632,7,0.842,70,9,1/27/16,400830920,-10.5,wednesday,2306,0,16,143,0:00,55,espnn
13,12528,12528,2306,0,8,0.65,7,0.6,69,0,1/30/16,400809420,-7,saturday,145,0,12,142,19:00,64,espnu
19,12528,12528,2306,0,9,0.905,2,0.591,80,1,2/6/16,400831534,5.5,saturday,201,0,13,149,23:00,69,espnu
14,4407,13611,197,0,13,0.583,10,0.458,58,0,2/13/16,400831341,-1.5,saturday,2306,0,11,132,18:00,55,espnn
14,4999,6800,2628,0,14,0.56,11,0.44,49,0,2/17/16,400845094,4.5,wednesday,2306,0,11,134,1:00,63,espnn
17,11629,12528,2306,0,12,0.63,10,0.556,70,25,2/23/16,400831548,-1,tuesday,251,0,15,132,0:00,71,espnu
11,11518,12528,2306,0,14,0.379,18,0.517,79,0,3/3/16,400831557,-11,thursday,2628,0,15,135,1:00,54,espn3
16,12359,15098,2641,0,11,0.533,14,0.621,80,0,3/5/16,400831559,-5,saturday,2306,0,18,134,20:00,71,espnn
1,9288,11562,201,0,0,1,0,1,95,0,11/12/13,400498242,0,tuesday,249,0,1,,1:00,82,
1,9445,11562,201,0,0,1,0,1,85,0,11/14/13,400498249,0,thursday,70,0,2,,1:00,65,
1,10921,11562,201,0,0,0.2,4,1,101,0,11/29/13,400498278,0,friday,2031,0,5,,20:00,81,
5,9363,11562,201,0,1,0.625,3,0.833,96,0,12/3/13,400498285,0,tuesday,2382,0,5,,2:00,82,espnu
3,2300,11562,201,0,1,0.333,6,0.857,78,0,12/5/13,400498290,0,thursday,357,0,6,,20:00,56,
2,10763,11562,201,0,0,0.222,7,1,101,0,12/14/13,400498302,0,saturday,202,0,9,,22:00,91,
4,3105,11562,201,0,1,0.4,6,0.9,91,0,12/18/13,400498309,0,wednesday,250,0,9,,1:00,89,
11,10903,11562,201,0,2,0.846,2,0.833,98,0,12/31/13,400498329,0,tuesday,2348,0,10,,1:00,102,
11,10189,16540,251,0,2,0.846,2,0.846,85,0,1/5/14,400498340,0,sunday,201,0,11,,1:00,88,lhn
9,9854,11562,201,0,4,0.529,8,0.778,77,25,1/23/14,400498364,0,thursday,2628,0,14,,2:00,69,espnu
15,9317,15098,2641,0,9,0.789,4,0.526,65,25,1/25/14,400498368,0,saturday,201,0,10,,21:00,74,espn3
16,13093,11562,201,0,4,0.842,3,0.8,88,8,1/28/14,400498370,0,tuesday,197,23,16,,2:00,76,espn
17,7538,14000,277,0,9,0.773,5,0.591,91,21,2/6/14,400498382,0,thursday,201,0,13,,0:00,86,espnu
12,9956,11562,201,0,6,0.522,11,0.75,60,0,2/13/14,400498392,0,thursday,2641,0,18,,1:00,68,espn3
18,10070,13611,197,0,8,0.72,7,0.667,74,0,2/15/14,400498394,0,saturday,201,0,16,,19:00,77,espn2
21,12976,11562,201,0,8,0.75,7,0.714,77,24,3/1/14,400498413,0,saturday,251,0,20,,21:00,65,espn3
16,10674,11562,201,0,8,0.552,13,0.724,72,23,3/6/14,400498420,0,thursday,277,0,21,,2:00,62,espnu
22,4878,6800,2628,0,20,0.733,8,0.31,67,23,3/8/14,400498425,0,saturday,201,0,9,,21:00,97,espn3
0,9626,11562,201,1,0,0,1,0,78,19,11/16/14,400585676,0,sunday,2545,0,0,,20:00,53,
1,17393,15500,156,0,0,1,0,1,65,18,11/20/14,400585687,0,thursday,201,0,2,,1:00,63,fs1
2,10056,11562,201,0,1,0.667,1,0.5,90,18,11/23/14,400585695,0,sunday,2466,0,1,,20:00,68,
4,11652,11562,201,0,2,0.571,3,0.667,82,22,12/6/14,400585725,0,saturday,142,0,4,,2:30,63,espnu
5,6885,8355,202,0,4,0.714,2,0.556,68,16,12/13/14,400585736,0,saturday,201,0,5,,19:30,87,cbssn
4,9713,11562,201,0,2,0.5,4,0.75,85,15,12/17/14,400585745,0,wednesday,198,0,6,,0:00,53,espnu
4,10645,11562,201,0,3,0.444,5,0.7,85,19,12/23/14,400585987,0,tuesday,2692,0,7,,1:00,51,
5,10597,11562,201,0,3,0.455,6,0.727,61,18,12/31/14,400585775,0,wednesday,2244,0,8,,22:00,43,
10,12625,16540,251,0,2,0.769,3,0.857,49,16,1/6/15,400585784,0,tuesday,201,10,12,,2:00,70,espn
11,9196,14000,277,0,2,0.733,4,0.875,86,18,1/14/15,400585794,0,wednesday,201,16,14,,0:00,65,espnn
12,12730,11562,201,0,5,0.75,4,0.688,82,24,1/18/15,400585801,0,sunday,197,18,11,,0:00,65,espn2
11,9857,11562,201,0,7,0.55,9,0.632,81,24,1/29/15,400585815,0,thursday,2641,0,12,,0:30,36,espnn
13,13611,13611,197,0,6,0.65,7,0.7,56,24,2/1/15,400585821,0,sunday,201,0,14,,1:00,64,espn2
18,10154,11562,201,0,7,0.857,3,0.667,71,15,2/4/15,400585823,0,wednesday,277,21,14,,1:00,52,espn2
15,4500,4750,2628,0,8,0.682,7,0.636,56,21,2/7/15,400585830,0,saturday,201,0,14,,20:00,68,espnn
17,11413,11562,201,0,8,0.68,8,0.68,71,17,2/18/15,400585844,0,wednesday,251,0,17,,2:00,69,espn2
18,6761,15098,2641,0,15,0.692,8,0.444,75,17,2/21/15,400585847,0,saturday,201,0,12,,17:00,79,espnn
17,5091,11562,201,0,8,0.607,11,0.704,67,16,2/28/15,400585856,0,saturday,2628,0,19,,19:00,60,espnu
0,12688,18119,235,0,0,0,0,1,78,8,11/17/15,400816810,4,tuesday,201,0,1,150,22:00,84,espn
0,8364,11562,201,0,0,0,2,1,85,8,11/21/15,400816970,0,saturday,2377,0,1,,1:00,56,
0,7109,11562,201,0,0,0,6,1,111,6,12/4/15,400816973,-29.5,friday,2110,0,5,160,1:00,68,
8,9421,11562,201,0,0,0.8,2,1,96,7,12/12/15,400816974,-20,saturday,198,0,6,153,19:00,73,
13,9380,13611,197,0,6,0.929,1,0.6,72,2,1/14/16,400831333,8,thursday,201,0,9,147,2:00,74,espnu
17,13882,13215,99,0,7,0.895,2,0.65,75,1,1/30/16,400809419,3,saturday,201,0,13,165,22:00,77,espn
20,14471,15098,2641,0,9,0.833,4,0.625,65,3,2/18/16,400831543,4,thursday,201,0,15,148,2:00,63,espnu
20,15289,14000,277,0,6,0.8,5,0.769,62,3,2/20/16,400830926,-4,saturday,201,10,20,153,21:00,76,espn
12,11470,11562,201,0,5,0.444,15,0.808,71,3,2/25/16,400831344,-16.5,thursday,197,0,21,139,2:00,49,espnu
22,16540,16540,251,0,10,0.815,5,0.643,76,3,2/27/16,400831552,2.5,saturday,201,25,18,146,19:00,63,cbs
23,6532,6800,2628,0,19,0.793,6,0.367,67,6,3/5/16,400831558,13,saturday,201,0,11,145,18:00,75,espnn
2,7526,13611,197,0,0,1,0,1,93,8,11/13/13,400498245,0,wednesday,3084,0,1,,1:00,40,
2,8321,13611,197,0,0,1,0,1,97,8,11/16/13,400498252,0,saturday,2029,0,2,,1:00,63,
0,13611,13611,197,0,0,0,1,1,101,11,11/20/13,400496865,0,wednesday,235,7,4,,1:00,80,espn
4,6240,10000,58,0,0,1,0,1,67,5,11/26/13,400496877,0,tuesday,197,0,4,,0:00,93,espnn
2,13611,13611,197,0,1,0.5,2,0.875,79,9,12/7/13,400498292,0,saturday,2579,0,7,,2:30,52,espnu
2,8579,13611,197,0,1,0.2,8,0.9,75,7,12/18/13,400498310,0,wednesday,2169,0,9,,1:00,43,
5,9514,13611,197,0,1,0.385,8,0.917,92,6,12/31/13,400498330,0,tuesday,2523,0,11,,0:00,66,espnu
11,9068,13611,197,0,2,0.786,3,0.857,87,11,1/9/14,400498345,0,thursday,251,0,12,,2:00,74,espnu
13,12078,14000,277,0,5,0.867,2,0.667,72,11,1/11/14,400498349,0,saturday,197,0,10,,21:00,73,espn3
9,8890,13611,197,0,2,0.6,6,0.875,82,9,1/16/14,400498354,0,thursday,2628,0,14,,1:00,50,espn3
11,10011,13611,197,0,3,0.579,8,0.833,81,11,1/25/14,400498367,0,saturday,277,0,15,,19:00,75,espn2
16,15098,15098,2641,0,11,0.727,6,0.5,65,19,2/9/14,400498387,0,sunday,197,0,11,,2:30,61,espnu
16,10904,16540,251,0,5,0.696,7,0.783,87,19,2/12/14,400498390,0,wednesday,197,0,18,,0:00,68,espn2
13,11539,13611,197,0,10,0.5,13,0.615,84,0,2/22/14,400498402,0,saturday,2641,0,16,,18:40,62,espn3
17,5723,6800,2628,0,17,0.63,10,0.346,54,0,2/25/14,400498407,0,tuesday,197,0,9,,0:00,76,espnu
0,6125,13611,197,1,0,0,0,0,83,0,11/15/14,400585669,0,saturday,2545,0,0,,1:00,55,
0,5407,13611,197,0,0,0,1,1,74,0,11/16/14,400585677,0,sunday,2504,0,1,,20:00,52,
1,5909,13611,197,0,0,0.333,2,1,82,0,11/22/14,400585691,0,saturday,270,0,3,,1:00,68,
4,6086,13611,197,0,0,0.667,2,1,87,0,12/4/14,400585717,0,thursday,249,0,6,,1:00,61,
7,12007,18000,2579,0,3,1,0,0.571,75,0,12/6/14,400585726,0,saturday,197,0,4,,17:00,49,espnu
7,14501,18119,235,0,3,0.875,1,0.5,55,0,12/13/14,400585738,0,saturday,197,0,3,,23:00,73,espn2
5,5217,13611,197,0,1,0.556,4,0.889,68,0,12/17/14,400585746,0,wednesday,2393,0,8,,2:00,44,espnu
12,9592,13611,197,0,3,0.8,3,0.786,69,10,1/10/15,400585790,0,saturday,251,0,11,,22:00,58,espnu
10,7090,13611,197,0,5,0.556,8,0.706,63,0,1/22/15,400585805,0,thursday,2641,0,12,,2:00,43,espnu
14,11954,16540,251,0,7,0.667,7,0.667,63,25,2/5/15,400585824,0,thursday,197,0,14,,1:00,65,lhn
17,4266,4750,2628,0,10,0.708,7,0.583,70,21,2/14/15,400585839,0,saturday,197,0,14,,23:00,55,espnu
20,8610,13611,197,0,9,0.769,6,0.654,63,23,2/21/15,400585850,0,saturday,277,22,17,,19:00,73,espnn
17,7480,15098,2641,0,17,0.63,10,0.414,63,0,2/28/15,400585857,0,saturday,197,0,12,,21:00,62,espnn
17,5526,13611,197,0,11,0.586,12,0.607,82,0,3/5/15,400585864,0,thursday,2628,0,17,,2:00,70,espnu
18,13714,14000,277,0,8,0.621,11,0.733,81,20,3/7/15,400585866,0,saturday,197,0,22,,19:00,72,espnn
0,4972,13611,197,1,0,0,0,0,91,0,11/14/15,400816976,0,saturday,2630,0,0,,1:00,57,
1,4556,13611,197,0,0,1,0,1,86,0,11/17/15,400816977,0,tuesday,2029,0,1,,1:00,72,
3,5192,13611,197,0,1,0.6,2,0.8,79,0,11/28/15,400816978,0,saturday,299,0,4,,1:30,73,
4,5422,13611,197,0,1,0.667,2,0.833,56,0,12/3/15,400816979,-2.5,thursday,202,0,5,143,1:00,66,
1,4651,13611,197,0,2,0.167,5,0.714,63,0,12/5/15,400816980,-12.5,saturday,2623,0,5,137,20:30,64,
3,4324,13611,197,0,3,0.3,7,0.667,73,0,12/16/15,400816982,-16,wednesday,2344,0,6,141,2:00,55,espnu
7,5150,13611,197,0,4,0.538,6,0.636,61,0,12/30/15,400816983,0,wednesday,140,0,7,,0:00,43,
8,5191,13611,197,0,4,0.667,4,0.667,69,0,1/2/16,400831331,-5.5,saturday,2628,0,8,131,21:00,48,espnn
9,11219,14000,277,0,1,0.643,5,0.929,77,17,1/9/16,400830915,-14.5,saturday,197,0,13,143,18:00,60,espnu
9,13241,16540,251,0,6,0.563,7,0.625,74,0,1/16/16,400831334,-8,saturday,197,0,10,134,23:00,69,espn2
10,8867,9121,2,0,10,0.5,10,0.474,63,0,1/31/16,400809415,2,sunday,197,0,9,148,1:00,74,espn2
11,8734,15098,2641,0,8,0.524,10,0.6,63,0,2/4/16,400831338,-6.5,thursday,197,0,12,139,2:00,61,espnu
11,4957,6800,2628,0,13,0.478,12,0.435,63,0,2/9/16,400831340,2,tuesday,197,0,10,129,0:00,56,espnu
16,5814,13611,197,0,14,0.64,9,0.462,61,0,2/21/16,400831343,-1.5,sunday,2641,0,12,130,2:30,71,espnu
21,5539,13611,197,0,16,0.75,7,0.429,56,14,2/27/16,400831328,8,saturday,277,0,12,134,23:00,70,espnu
19,4023,13611,197,0,18,0.633,11,0.4,50,23,3/5/16,400831346,6,saturday,251,0,12,129,2:00,62,espn2
0,4067,6800,2628,0,1,0,1,0,79,0,11/13/13,400498247,0,wednesday,2344,0,0,,1:00,82,
0,4619,6800,2628,0,2,0,4,0,71,0,11/20/13,400498259,0,wednesday,2000,0,0,,1:00,64,
1,2237,12058,265,0,1,0.333,2,0.667,62,0,11/24/13,400498269,0,sunday,2628,0,2,,23:00,64,pac12
4,6795,10575,344,0,1,0.571,3,0.833,61,0,12/6/13,400498288,0,friday,2628,0,5,,0:00,71,espnu
4,3958,6800,2628,0,3,0.364,7,0.625,57,0,12/15/13,400498308,0,sunday,292,0,5,,19:00,48,
1,4288,6800,2628,0,3,0.2,4,0.667,98,0,12/20/13,400498314,0,friday,2755,0,6,,1:00,75,
4,4066,6800,2628,0,3,0.364,7,0.7,70,0,12/21/13,400498319,0,saturday,202,0,7,,17:00,58,
4,4146,6800,2628,0,3,0.364,7,0.727,77,0,12/29/13,400498326,0,sunday,2640,0,8,,19:00,64,
8,5038,6800,2628,0,3,0.615,5,0.75,69,0,1/4/14,400498339,0,saturday,277,0,9,,21:00,74,espn3
9,6055,6800,2628,0,7,0.529,8,0.563,49,0,1/18/14,400498360,0,saturday,2641,0,9,,23:00,60,
9,7365,15098,2641,0,11,0.474,10,0.476,60,0,2/1/14,400498374,0,saturday,2628,0,10,,18:30,54,espn3
17,5233,6800,2628,0,11,0.81,4,0.45,54,15,2/5/14,400498381,0,wednesday,251,0,9,,1:00,59,espn3
9,11358,14000,277,0,13,0.333,18,0.536,81,0,3/1/14,400498416,0,saturday,2628,0,15,,18:30,59,root
9,9450,16540,251,0,8,0.321,19,0.724,66,0,3/6/14,400498421,0,thursday,2628,0,21,,1:00,54,lhn
0,3669,4750,2628,1,0,0,0,0,71,0,11/15/14,400585673,0,saturday,2504,0,0,,1:00,54,
0,3509,4750,2628,0,0,0,1,1,81,0,11/18/14,400585682,0,tuesday,265,0,1,,1:00,54,
1,3425,4750,2628,0,0,1,0,1,86,0,11/21/14,400585690,0,friday,2443,0,2,,1:00,71,
0,3058,4750,2628,0,0,0,4,1,106,0,11/25/14,400585705,0,tuesday,2400,0,4,,1:00,53,
2,3436,4750,2628,0,0,0.5,2,1,74,0,11/27/14,400585701,0,thursday,2515,0,4,,1:00,50,
7,6370,9500,145,0,1,1,0,0.833,54,0,12/5/14,400585722,0,friday,2628,0,5,,2:00,66,espnu
2,3548,4750,2628,0,0,0.333,4,1,80,0,12/10/14,400585732,0,wednesday,231,0,8,,1:00,69,
4,4089,4750,2628,0,0,0.5,4,1,88,0,12/21/14,400585756,0,sunday,2636,0,10,,1:00,57,
2,3765,4750,2628,0,0,0.222,7,1,80,25,12/23/14,400598805,0,tuesday,2755,0,11,,1:00,39,
2,3403,4750,2628,0,0,0.154,11,1,60,0,12/30/14,400585768,0,tuesday,2634,0,12,,1:00,40,
13,9142,15098,2641,0,7,0.813,3,0.588,42,0,1/17/15,400585798,0,saturday,2628,0,10,,21:00,62,espnn
13,5153,4750,2628,0,3,0.765,4,0.824,48,17,1/20/15,400585802,0,tuesday,251,0,14,,0:00,66,espnu
14,12756,14000,277,0,3,0.778,4,0.833,86,18,1/24/15,400585809,0,saturday,2628,0,15,,19:00,85,espnu
14,8634,16540,251,0,8,0.609,9,0.652,66,0,2/12/15,400585836,0,thursday,2628,0,15,,1:00,43,lhn
12,3912,4750,2628,0,11,0.429,16,0.593,71,0,2/26/15,400585855,0,thursday,2641,0,16,,1:00,54,
0,4341,6800,2628,1,0,0,0,0,90,0,11/14/15,400823408,0,saturday,2545,0,0,,2:30,77,
1,4233,6800,2628,0,0,0.5,1,1,90,0,11/20/15,400809209,0,friday,2277,0,1,,1:00,63,
3,4193,6800,2628,0,0,1,0,1,67,0,11/21/15,400827741,0,saturday,2571,0,2,,19:00,76,
4,4672,6800,2628,0,2,1,0,0.6,70,22,12/3/15,400827742,6.5,thursday,2567,0,3,139,1:00,75,
2,4296,6800,2628,0,3,0.333,4,0.5,76,0,12/6/15,400827743,0,sunday,2142,0,3,,1:00,49,
4,5651,10000,264,0,2,0.571,3,0.714,92,0,12/9/15,400827744,-6,wednesday,2628,0,5,151,4:00,67,pac12
0,4658,6800,2628,0,4,0,7,0.5,73,0,12/12/15,400827745,0,saturday,2504,0,4,,1:00,55,
4,5791,6800,2628,0,4,0.4,6,0.556,80,0,12/20/15,400827746,0,sunday,2000,0,5,,19:00,69,
6,5560,11100,71,0,10,0.6,4,0.167,49,0,12/24/15,400814189,10.5,thursday,2628,0,2,129,1:00,53,espn3
0,5024,6800,2628,0,4,0,12,0.636,75,0,12/29/15,400827747,0,tuesday,2169,0,7,,1:00,47,
12,4739,6800,2628,0,5,0.923,1,0.615,87,17,1/5/16,400830914,10.5,tuesday,277,0,8,142,0:00,95,espn2
9,6673,6800,2628,0,6,0.643,5,0.571,58,0,1/10/16,400831511,3,sunday,251,0,8,141,0:00,57,espnu
11,5905,6800,2628,0,8,0.688,5,0.529,69,0,1/19/16,400831520,3.5,tuesday,2641,0,9,134,0:00,76,espnu
9,11282,16540,251,0,7,0.474,10,0.632,71,0,1/27/16,400831528,-11.5,wednesday,2628,0,12,135,1:00,54,lhn
10,5761,6800,2628,0,11,0.5,10,0.45,75,0,1/30/16,400809421,2.5,saturday,2633,0,9,145,19:00,63,espn2
11,13137,14000,277,0,5,0.458,13,0.792,73,10,2/13/16,400830924,-18,saturday,2628,0,19,144,17:00,42,espnu
11,10023,15098,2641,0,9,0.407,16,0.654,83,0,2/24/16,400831550,-11.5,wednesday,2628,0,17,134,2:00,79,espnn
0,8108,16540,251,1,0,0,0,0,76,0,11/9/13,400498239,0,saturday,2382,0,0,,1:00,73,lhn
1,7193,16540,251,0,0,1,0,1,84,0,11/13/13,400502330,0,wednesday,6,0,1,,1:00,77,lhn
2,7348,16540,251,0,0,1,0,1,72,0,11/16/13,400498253,0,saturday,2617,0,2,,1:00,62,lhn
1,6943,16540,251,0,0,0.5,1,1,89,0,11/19/13,400503878,0,tuesday,2277,0,3,,1:00,61,lhn
2,7749,16540,251,0,1,0.286,5,0.833,72,0,11/30/13,400498280,0,saturday,250,0,5,,1:00,69,lhn
4,7431,16540,251,0,1,0.667,2,0.857,70,0,12/3/13,400498284,0,tuesday,238,0,6,,2:00,64,espn2
3,9534,16540,251,0,1,0.333,6,0.889,85,0,12/15/13,400498303,0,sunday,326,0,8,,1:00,53,lhn
9,17143,21750,153,0,2,0.9,1,0.778,83,14,12/19/13,400498312,0,thursday,251,0,7,,0:00,86,espn2
9,15832,16540,251,0,1,0.9,1,0.909,78,5,12/21/13,400498320,0,saturday,127,0,10,,21:00,92,cbs
5,8199,16540,251,0,2,0.455,6,0.833,66,0,12/30/13,400498332,0,monday,242,0,10,,19:00,44,lhn
8,9097,16540,251,0,4,0.533,7,0.733,67,0,1/12/14,400498350,0,sunday,2641,0,11,,1:00,64,lhn
12,8706,14000,277,0,6,0.75,4,0.625,69,0,1/14/14,400498351,0,tuesday,251,0,10,,0:00,80,espnu
15,14735,16540,251,0,5,0.6,10,0.792,88,19,2/16/14,400498397,0,sunday,277,0,19,,1:00,71,lhn
22,12429,15098,2641,0,17,0.733,8,0.433,59,0,3/8/14,400498426,0,saturday,251,0,13,,21:00,53,espnn
0,11232,16540,251,1,0,0,0,0,85,10,11/15/14,400585674,0,saturday,2449,0,0,,1:30,50,lhn
0,8463,16540,251,0,0,0,1,1,85,10,11/17/14,400585678,0,monday,2016,0,1,,1:00,53,espnu
2,9356,16540,251,0,0,0.5,2,1,78,7,11/26/14,400585703,0,wednesday,2598,0,4,,1:00,46,lhn
5,10167,10167,41,0,1,1,0,0.75,54,7,11/30/14,400585711,0,sunday,251,24,3,,17:00,55,espn2
3,8632,16540,251,0,0,0.5,3,1,63,6,12/3/14,400585716,0,wednesday,250,0,6,,1:00,53,lhn
5,10452,16540,251,0,1,0.833,1,0.875,59,8,12/14/14,400585740,0,sunday,326,0,7,,1:00,27,lhn
3,8653,16540,251,0,0,0.333,6,1,106,9,12/17/14,400585747,0,wednesday,288,0,9,,1:00,61,lhn
5,9179,16540,251,0,1,0.455,6,0.9,78,9,12/21/14,400585757,0,sunday,299,0,9,,1:00,68,lhn
6,13661,16540,251,0,1,0.667,3,0.909,71,9,12/24/14,400585765,0,wednesday,24,0,10,,0:00,74,espn2
3,9373,16540,251,0,2,0.3,7,0.833,66,11,12/29/14,400585769,0,monday,242,0,10,,18:00,55,lhn
11,9936,15098,2641,0,3,0.846,2,0.769,61,11,1/3/15,400585778,0,saturday,251,0,10,,19:00,70,espnu
15,13204,16540,251,0,4,0.882,2,0.75,77,16,1/17/15,400585800,0,saturday,277,20,12,,23:15,50,espn
12,13178,16540,251,0,8,0.48,13,0.667,56,0,2/15/15,400585840,0,sunday,2641,0,16,,1:00,41,lhn
17,12048,14000,277,0,6,0.63,10,0.778,71,20,2/25/15,400585853,0,wednesday,251,0,21,,0:00,64,espn2
1,11315,16540,251,0,1,0.5,1,0,67,0,11/22/15,400816984,0,sunday,357,0,0,,1:00,56,lhn
5,9646,16540,251,0,3,0.833,1,0.4,80,0,12/2/15,400816985,0,wednesday,250,0,2,,1:00,73,lhn
6,10762,16540,251,0,3,0.75,2,0.5,59,0,12/5/15,400816986,-20.5,saturday,2535,0,3,147,2:00,49,lhn
0,9657,16540,251,0,2,0,8,0.714,116,0,12/9/15,400816987,-23,wednesday,2636,0,5,149,1:00,50,lhn
7,16540,16540,251,0,3,0.875,1,0.625,84,3,12/12/15,400816988,6.5,saturday,153,0,5,153,22:15,82,espn
2,10529,16540,251,0,3,0.25,6,0.667,67,0,12/16/15,400816989,-20,wednesday,2026,0,6,146,1:00,55,lhn
7,3930,7391,24,0,3,0.7,3,0.625,73,0,12/20/15,400816990,1,sunday,251,0,5,136,4:30,75,espn2
8,13931,16540,251,0,3,0.727,3,0.727,66,0,12/30/15,400816808,-2,wednesday,41,0,8,142,2:00,71,espn2
11,9881,14000,277,0,2,0.647,6,0.882,49,6,1/21/16,400830918,-12.5,thursday,251,0,15,147,0:00,56,espnu
12,13041,16540,251,0,7,0.6,8,0.65,72,0,1/30/16,400809423,-2.5,saturday,238,0,13,136,17:00,58,espn2
13,14951,16540,251,0,7,0.619,8,0.682,69,0,2/6/16,400831535,-9.5,saturday,2641,0,15,134,19:00,59,lhn
20,12284,16540,251,0,9,0.8,5,0.64,85,10,2/17/16,400830925,-2,wednesday,277,24,16,136,0:00,78,espn2
0,5295,15098,2641,1,0,0,0,0,76,0,11/9/13,400498236,0,saturday,2277,0,0,,1:00,61,
1,4415,15098,2641,0,0,1,0,1,88,0,11/12/13,400498023,0,tuesday,2464,0,1,,1:00,68,
2,10746,15383,333,0,1,1,0,0,76,0,11/15/13,400498251,0,friday,2641,0,0,,2:00,64,espn2
2,4682,15098,2641,0,1,0.5,2,0.667,80,0,11/19/13,400498258,0,tuesday,2640,0,2,,2:00,71,espnu
1,4714,15098,2641,0,1,0.25,3,0.75,68,0,11/22/13,400498264,0,friday,2571,0,3,,1:00,54,
1,5857,15098,2641,0,2,0.167,5,0.714,94,0,11/30/13,400498279,0,saturday,2636,0,5,,1:00,64,
6,14545,14655,12,0,0,0.75,2,1,79,2,12/4/13,400498287,0,wednesday,2641,0,7,,2:00,58,pac12
2,4894,15098,2641,0,3,0.333,4,0.667,79,0,12/15/13,400498306,0,sunday,2110,0,6,,19:00,57,
6,5985,15098,2641,0,3,0.75,2,0.7,69,0,12/19/13,400498311,0,thursday,99,0,7,,2:00,71,espnu
7,6039,14198,9,0,2,0.636,4,0.818,76,0,12/21/13,400498321,0,saturday,2641,0,9,,23:30,62,pac12
2,4821,15098,2641,0,4,0.182,9,0.667,100,0,12/31/13,400498331,0,tuesday,116,0,8,,0:00,69,
9,5005,15098,2641,0,6,0.643,5,0.571,86,0,1/7/14,400498341,0,tuesday,277,0,8,,0:00,89,espn3
10,5031,14000,277,0,8,0.556,8,0.556,87,0,1/23/14,400498363,0,thursday,2641,0,10,,1:00,81,espn3
0,6234,15098,2641,1,0,0,0,0,71,0,11/15/14,400585672,0,saturday,2352,0,0,,2:00,59,
1,8010,13215,99,0,0,1,0,1,69,0,11/19/14,400585686,0,wednesday,2641,0,1,,2:30,64,espn2
2,4535,15098,2641,0,1,0.5,2,0.667,75,0,11/26/14,400585702,0,wednesday,2466,0,2,,1:00,64,
3,4876,15098,2641,0,1,0.6,2,0.75,63,0,11/30/14,400585712,0,sunday,2005,0,3,,19:00,62,
3,7040,15098,2641,0,1,0.6,2,0.8,46,0,12/4/14,400585718,0,thursday,2,0,4,,2:00,44,secn
3,5530,15098,2641,0,1,0.333,6,0.833,73,0,12/11/14,400585734,0,thursday,278,0,5,,2:00,56,
1,5122,15098,2641,0,1,0.111,8,0.857,79,0,12/14/14,400585741,0,sunday,2504,0,6,,19:00,51,
2,5164,15098,2641,0,0,0.2,8,1,101,0,12/18/14,400585748,0,thursday,2569,0,8,,1:00,39,
2,5091,15098,2641,0,1,0.2,8,0.889,72,0,12/20/14,400585750,0,saturday,2029,0,8,,2:00,51,
6,6033,15098,2641,0,3,0.545,5,0.75,60,0,12/30/14,400585767,0,tuesday,249,0,9,,1:00,45,
13,6073,15098,2641,0,4,0.929,1,0.714,67,14,1/6/15,400585783,0,tuesday,277,0,10,,0:00,78,espnu
11,12192,14000,277,0,3,0.524,10,0.85,77,17,1/31/15,400585817,0,saturday,2641,0,17,,17:00,58,espnu
0,2881,15098,2641,1,0,0,0,0,77,0,11/14/15,400831691,0,saturday,2272,0,0,,2:00,73,
4,6132,15098,2641,0,1,1,0,0.75,82,0,11/28/15,400831692,0,saturday,62,0,3,,21:00,74,
2,5545,15098,2641,0,1,0.333,4,0.8,71,0,12/3/15,400831693,0,thursday,2534,0,4,,2:00,56,
2,4767,15098,2641,0,1,0.25,6,0.833,68,0,12/10/15,400831694,-14,thursday,2630,0,5,139,2:00,49,
9,4996,15098,2641,0,1,0.9,1,0.857,79,0,12/17/15,400831695,-3,thursday,2571,0,6,143,1:00,67,
10,5955,15098,2641,0,1,1,0,0.889,65,0,12/22/15,400831697,-4.5,tuesday,2031,0,8,128,20:00,53,
8,1365,15098,2641,0,1,0.727,3,0.9,85,0,12/29/15,400831698,-6,tuesday,257,0,9,145,22:00,70,
15,10732,15098,2641,0,5,0.833,3,0.706,76,6,1/23/16,400830919,3,saturday,277,0,12,144,18:00,80,espnn
12,15975,19200,8,0,10,0.632,7,0.5,75,0,1/30/16,400809414,-7,saturday,2641,0,10,151,21:00,68,espnu
18,12680,14000,277,0,7,0.643,10,0.759,90,10,3/3/16,400831329,-10.5,thursday,2641,0,22,145,0:00,68,espnu
0,8336,14000,277,1,0,0,0,0,77,0,11/9/13,400498240,0,saturday,116,0,0,,1:00,62,root
1,5049,9900,259,0,1,1,0,0,87,0,11/12/13,400498243,0,tuesday,277,0,0,,18:00,82,espn
1,6038,14000,277,0,1,0.5,1,0.5,96,0,11/17/13,400498257,0,sunday,2184,0,1,,21:00,83,root
1,4814,14000,277,0,0,0.333,2,1,101,0,11/22/13,400498265,0,friday,290,0,3,,0:00,68,root
1,5067,14000,277,0,1,0.2,4,0.75,88,0,11/23/13,400498268,0,saturday,2506,0,3,,18:30,55,root
4,4692,14000,277,0,2,0.8,1,0.714,96,0,12/3/13,400498286,0,tuesday,2352,0,5,,0:00,47,root
6,7292,15061,142,0,0,0.75,2,1,80,0,12/6/13,400498289,0,friday,277,0,7,,0:00,71,espn2
8,9350,14000,277,0,3,0.889,1,0.667,76,20,12/11/13,400498297,0,wednesday,2250,0,6,,2:00,80,espn2
9,10019,14000,277,0,4,0.75,3,0.636,70,0,12/22/13,400498324,0,sunday,2509,0,7,,18:05,73,espnu
17,2133,2500,46,0,14,0.531,15,0.548,77,5,3/18/14,400546976,0,tuesday,277,4,17,,23:00,65,espn
0,6792,14000,277,1,0,0,0,0,64,0,11/15/14,400585675,0,saturday,2405,0,0,,0:00,54,
1,6089,14000,277,0,0,1,0,1,83,0,11/16/14,400585679,0,sunday,322,0,1,,20:00,56,
2,7367,14000,277,0,0,0.4,3,1,86,21,11/30/14,400585710,0,sunday,232,0,6,,0:30,57,
5,10802,14000,277,0,0,0.714,2,1,73,16,12/5/14,400585720,0,friday,99,0,7,,0:00,74,espn2
9,7897,14000,277,0,1,0.818,2,0.909,77,18,12/23/14,400585764,0,tuesday,2747,0,10,,0:30,44,
8,13330,14000,277,0,1,0.667,4,0.917,82,17,12/30/14,400585770,0,tuesday,259,0,11,,19:00,51,espnu
0,8268,14000,277,0,0,0,3,1,103,0,11/21/15,400830911,0,saturday,56,0,3,,0:00,62,
2,6196,14000,277,0,0,0.667,1,1,97,0,11/24/15,400830912,0,tuesday,2065,0,3,,0:00,44,
2,8731,14000,277,0,0,0.222,7,1,87,20,12/5/15,400813814,0,saturday,338,0,6,,17:30,54,
3,8323,14000,277,0,0,0.375,5,1,100,14,12/13/15,400813815,-21.5,sunday,2433,0,8,133,22:00,58,
8,8121,14000,277,0,1,0.615,5,0.9,84,19,12/22/15,400813816,-26,tuesday,2198,0,9,162,0:00,59,espnu
10,9567,9900,259,0,4,0.909,1,0.667,63,19,12/30/15,400813817,8,wednesday,277,0,8,148,17:00,88,espnu
17,11611,10151,57,0,7,0.85,3,0.65,88,9,1/30/16,400809416,1,saturday,277,0,13,144,17:00,71,espn
